{
  "type": "FeatureCollection",
  "features": [
    {
      "type": "Feature",
      "properties": {
        "codarea": "4100400",
        "name": "Almirante Tamandar\u00e9"
      },
      "geometry": {
        "type": "Polygon",
        "coordinates": [
          [
            [
              -49.2295,
              -25.3498
            ],
            [
              -49.2306,
              -25.3478
            ],
            [
              -49.2322,
              -25.3465
            ],
            [
              -49.2321,
              -25.3445
            ],
            [
              -49.2366,
              -25.3429
            ],
            [
              -49.2375,
              -25.3416
            ],
            [
              -49.2398,
              -25.3409
            ],
            [
              -49.2405,
              -25.3376
            ],
            [
              -49.2421,
              -25.3366
            ],
            [
              -49.242,
              -25.3341
            ],
            [
              -49.2442,
              -25.3327
            ],
            [
              -49.2432,
              -25.3321
            ],
            [
              -49.2428,
              -25.3306
            ],
            [
              -49.244,
              -25.3296
            ],
            [
              -49.2444,
              -25.3282
            ],
            [
              -49.2457,
              -25.3268
            ],
            [
              -49.2489,
              -25.3263
            ],
            [
              -49.2498,
              -25.3239
            ],
            [
              -49.2516,
              -25.3232
            ],
            [
              -49.2526,
              -25.3221
            ],
            [
              -49.254,
              -25.3187
            ],
            [
              -49.2553,
              -25.3171
            ],
            [
              -49.2544,
              -25.3154
            ],
            [
              -49.2547,
              -25.3145
            ],
            [
              -49.2571,
              -25.3142
            ],
            [
              -49.2577,
              -25.3123
            ],
            [
              -49.2589,
              -25.3104
            ],
            [
              -49.2598,
              -25.3044
            ],
            [
              -49.2546,
              -25.2997
            ],
            [
              -49.2532,
              -25.2992
            ],
            [
              -49.2528,
              -25.2978
            ],
            [
              -49.2535,
              -25.2962
            ],
            [
              -49.2538,
              -25.2938
            ],
            [
              -49.2567,
              -25.293
            ],
            [
              -49.2587,
              -25.2933
            ],
            [
              -49.2595,
              -25.2922
            ],
            [
              -49.2595,
              -25.2905
            ],
            [
              -49.261,
              -25.2894
            ],
            [
              -49.2608,
              -25.2883
            ],
            [
              -49.2586,
              -25.2859
            ],
            [
              -49.2589,
              -25.2847
            ],
            [
              -49.2574,
              -25.2836
            ],
            [
              -49.2538,
              -25.2833
            ],
            [
              -49.2529,
              -25.2826
            ],
            [
              -49.2596,
              -25.2711
            ],
            [
              -49.2683,
              -25.2555
            ],
            [
              -49.2657,
              -25.2514
            ],
            [
              -49.2656,
              -25.2488
            ],
            [
              -49.2646,
              -25.2481
            ],
            [
              -49.261,
              -25.247
            ],
            [
              -49.259,
              -25.2447
            ],
            [
              -49.2574,
              -25.2449
            ],
            [
              -49.2571,
              -25.2435
            ],
            [
              -49.2562,
              -25.2428
            ],
            [
              -49.2554,
              -25.2402
            ],
            [
              -49.2527,
              -25.2405
            ],
            [
              -49.2515,
              -25.239
            ],
            [
              -49.2525,
              -25.2381
            ],
            [
              -49.2523,
              -25.2366
            ],
            [
              -49.2538,
              -25.2348
            ],
            [
              -49.2537,
              -25.2339
            ],
            [
              -49.2537,
              -25.2331
            ],
            [
              -49.2566,
              -25.2315
            ],
            [
              -49.2579,
              -25.2319
            ],
            [
              -49.2594,
              -25.2312
            ],
            [
              -49.2604,
              -25.233
            ],
            [
              -49.2619,
              -25.2333
            ],
            [
              -49.2639,
              -25.2321
            ],
            [
              -49.2657,
              -25.2316
            ],
            [
              -49.268,
              -25.2328
            ],
            [
              -49.2699,
              -25.2327
            ],
            [
              -49.2709,
              -25.2314
            ],
            [
              -49.2731,
              -25.2299
            ],
            [
              -49.2759,
              -25.2305
            ],
            [
              -49.2785,
              -25.2299
            ],
            [
              -49.2802,
              -25.2287
            ],
            [
              -49.2868,
              -25.2261
            ],
            [
              -49.2885,
              -25.2248
            ],
            [
              -49.2933,
              -25.2245
            ],
            [
              -49.2951,
              -25.225
            ],
            [
              -49.2971,
              -25.2248
            ],
            [
              -49.2975,
              -25.226
            ],
            [
              -49.2989,
              -25.2258
            ],
            [
              -49.3015,
              -25.2246
            ],
            [
              -49.3027,
              -25.2252
            ],
            [
              -49.3049,
              -25.2281
            ],
            [
              -49.3072,
              -25.2288
            ],
            [
              -49.3105,
              -25.2278
            ],
            [
              -49.3123,
              -25.2289
            ],
            [
              -49.3122,
              -25.2317
            ],
            [
              -49.3139,
              -25.2327
            ],
            [
              -49.3188,
              -25.231
            ],
            [
              -49.3211,
              -25.2311
            ],
            [
              -49.3222,
              -25.2319
            ],
            [
              -49.3225,
              -25.2346
            ],
            [
              -49.3252,
              -25.2374
            ],
            [
              -49.3269,
              -25.238
            ],
            [
              -49.3288,
              -25.238
            ],
            [
              -49.331,
              -25.2373
            ],
            [
              -49.335,
              -25.2406
            ],
            [
              -49.3362,
              -25.2413
            ],
            [
              -49.3383,
              -25.2413
            ],
            [
              -49.3411,
              -25.2394
            ],
            [
              -49.342,
              -25.2374
            ],
            [
              -49.3444,
              -25.235
            ],
            [
              -49.3478,
              -25.2335
            ],
            [
              -49.3492,
              -25.2324
            ],
            [
              -49.3496,
              -25.2342
            ],
            [
              -49.3514,
              -25.2355
            ],
            [
              -49.3532,
              -25.2382
            ],
            [
              -49.3535,
              -25.2391
            ],
            [
              -49.3552,
              -25.2407
            ],
            [
              -49.3565,
              -25.2432
            ],
            [
              -49.3609,
              -25.2465
            ],
            [
              -49.3661,
              -25.2491
            ],
            [
              -49.3708,
              -25.2518
            ],
            [
              -49.3711,
              -25.2544
            ],
            [
              -49.3721,
              -25.2557
            ],
            [
              -49.3734,
              -25.255
            ],
            [
              -49.3764,
              -25.2559
            ],
            [
              -49.3771,
              -25.2572
            ],
            [
              -49.3784,
              -25.2582
            ],
            [
              -49.3801,
              -25.2586
            ],
            [
              -49.3859,
              -25.2609
            ],
            [
              -49.3894,
              -25.2613
            ],
            [
              -49.3906,
              -25.2633
            ],
            [
              -49.3923,
              -25.2625
            ],
            [
              -49.3954,
              -25.2616
            ],
            [
              -49.3967,
              -25.2618
            ],
            [
              -49.3992,
              -25.2609
            ],
            [
              -49.4003,
              -25.2595
            ],
            [
              -49.4022,
              -25.2587
            ],
            [
              -49.4028,
              -25.2567
            ],
            [
              -49.4041,
              -25.2552
            ],
            [
              -49.405,
              -25.2556
            ],
            [
              -49.4067,
              -25.2551
            ],
            [
              -49.4084,
              -25.2532
            ],
            [
              -49.4081,
              -25.2515
            ],
            [
              -49.4097,
              -25.2508
            ],
            [
              -49.4119,
              -25.2527
            ],
            [
              -49.4146,
              -25.2492
            ],
            [
              -49.4162,
              -25.2499
            ],
            [
              -49.4186,
              -25.2499
            ],
            [
              -49.4219,
              -25.2469
            ],
            [
              -49.4226,
              -25.2472
            ],
            [
              -49.4252,
              -25.2459
            ],
            [
              -49.4267,
              -25.246
            ],
            [
              -49.4287,
              -25.244
            ],
            [
              -49.4311,
              -25.2437
            ],
            [
              -49.4319,
              -25.2445
            ],
            [
              -49.4338,
              -25.2437
            ],
            [
              -49.4354,
              -25.2424
            ],
            [
              -49.4376,
              -25.2445
            ],
            [
              -49.4415,
              -25.2441
            ],
            [
              -49.4432,
              -25.2451
            ],
            [
              -49.4462,
              -25.2447
            ],
            [
              -49.4468,
              -25.2439
            ],
            [
              -49.4492,
              -25.2438
            ],
            [
              -49.4506,
              -25.2429
            ],
            [
              -49.4522,
              -25.2438
            ],
            [
              -49.4493,
              -25.244
            ],
            [
              -49.4465,
              -25.2449
            ],
            [
              -49.4408,
              -25.2479
            ],
            [
              -49.44,
              -25.2494
            ],
            [
              -49.4397,
              -25.2513
            ],
            [
              -49.4371,
              -25.2523
            ],
            [
              -49.4343,
              -25.2522
            ],
            [
              -49.4324,
              -25.2533
            ],
            [
              -49.432,
              -25.2557
            ],
            [
              -49.4328,
              -25.257
            ],
            [
              -49.4311,
              -25.2589
            ],
            [
              -49.4308,
              -25.2604
            ],
            [
              -49.4283,
              -25.2613
            ],
            [
              -49.4264,
              -25.2614
            ],
            [
              -49.4257,
              -25.263
            ],
            [
              -49.4207,
              -25.2642
            ],
            [
              -49.4171,
              -25.2644
            ],
            [
              -49.416,
              -25.2654
            ],
            [
              -49.4172,
              -25.2678
            ],
            [
              -49.4187,
              -25.2687
            ],
            [
              -49.4129,
              -25.2716
            ],
            [
              -49.4118,
              -25.2715
            ],
            [
              -49.4094,
              -25.2742
            ],
            [
              -49.4092,
              -25.2762
            ],
            [
              -49.4101,
              -25.2786
            ],
            [
              -49.4098,
              -25.2812
            ],
            [
              -49.41,
              -25.2847
            ],
            [
              -49.407,
              -25.2894
            ],
            [
              -49.4066,
              -25.2914
            ],
            [
              -49.4052,
              -25.2924
            ],
            [
              -49.4061,
              -25.2969
            ],
            [
              -49.4029,
              -25.3013
            ],
            [
              -49.3999,
              -25.3043
            ],
            [
              -49.3951,
              -25.3072
            ],
            [
              -49.3921,
              -25.308
            ],
            [
              -49.3885,
              -25.3099
            ],
            [
              -49.3873,
              -25.3099
            ],
            [
              -49.3851,
              -25.309
            ],
            [
              -49.3826,
              -25.3098
            ],
            [
              -49.3836,
              -25.312
            ],
            [
              -49.3848,
              -25.3135
            ],
            [
              -49.3848,
              -25.3147
            ],
            [
              -49.3863,
              -25.3158
            ],
            [
              -49.3883,
              -25.3153
            ],
            [
              -49.3896,
              -25.3173
            ],
            [
              -49.3914,
              -25.3169
            ],
            [
              -49.393,
              -25.318
            ],
            [
              -49.3948,
              -25.32
            ],
            [
              -49.3972,
              -25.3202
            ],
            [
              -49.3972,
              -25.3234
            ],
            [
              -49.3966,
              -25.3258
            ],
            [
              -49.393,
              -25.3284
            ],
            [
              -49.3906,
              -25.3294
            ],
            [
              -49.3899,
              -25.3304
            ],
            [
              -49.3896,
              -25.3323
            ],
            [
              -49.3884,
              -25.3335
            ],
            [
              -49.3846,
              -25.334
            ],
            [
              -49.3835,
              -25.3346
            ],
            [
              -49.3819,
              -25.3367
            ],
            [
              -49.3811,
              -25.3386
            ],
            [
              -49.3742,
              -25.3396
            ],
            [
              -49.3716,
              -25.3423
            ],
            [
              -49.3693,
              -25.3425
            ],
            [
              -49.3684,
              -25.3418
            ],
            [
              -49.3659,
              -25.3421
            ],
            [
              -49.3628,
              -25.3412
            ],
            [
              -49.3602,
              -25.3421
            ],
            [
              -49.3591,
              -25.3434
            ],
            [
              -49.3569,
              -25.3436
            ],
            [
              -49.3559,
              -25.3418
            ],
            [
              -49.3542,
              -25.3411
            ],
            [
              -49.3532,
              -25.3417
            ],
            [
              -49.3514,
              -25.3415
            ],
            [
              -49.351,
              -25.3426
            ],
            [
              -49.3497,
              -25.3429
            ],
            [
              -49.3466,
              -25.3446
            ],
            [
              -49.3427,
              -25.3448
            ],
            [
              -49.3407,
              -25.3473
            ],
            [
              -49.3402,
              -25.3495
            ],
            [
              -49.3387,
              -25.3515
            ],
            [
              -49.3374,
              -25.3517
            ],
            [
              -49.3358,
              -25.3527
            ],
            [
              -49.3353,
              -25.3549
            ],
            [
              -49.3338,
              -25.3557
            ],
            [
              -49.3327,
              -25.3577
            ],
            [
              -49.3293,
              -25.3601
            ],
            [
              -49.3271,
              -25.3671
            ],
            [
              -49.3263,
              -25.3681
            ],
            [
              -49.3234,
              -25.3693
            ],
            [
              -49.3218,
              -25.371
            ],
            [
              -49.3199,
              -25.3722
            ],
            [
              -49.3191,
              -25.3749
            ],
            [
              -49.3155,
              -25.379
            ],
            [
              -49.3131,
              -25.3808
            ],
            [
              -49.312,
              -25.3824
            ],
            [
              -49.3104,
              -25.3836
            ],
            [
              -49.3046,
              -25.3843
            ],
            [
              -49.3038,
              -25.3863
            ],
            [
              -49.3027,
              -25.387
            ],
            [
              -49.3016,
              -25.3846
            ],
            [
              -49.3027,
              -25.3828
            ],
            [
              -49.3003,
              -25.3796
            ],
            [
              -49.2977,
              -25.3783
            ],
            [
              -49.2958,
              -25.3788
            ],
            [
              -49.2956,
              -25.376
            ],
            [
              -49.2936,
              -25.3763
            ],
            [
              -49.2925,
              -25.3758
            ],
            [
              -49.2907,
              -25.3769
            ],
            [
              -49.286,
              -25.3786
            ],
            [
              -49.2848,
              -25.3772
            ],
            [
              -49.2863,
              -25.3762
            ],
            [
              -49.2858,
              -25.3737
            ],
            [
              -49.2875,
              -25.3717
            ],
            [
              -49.2868,
              -25.3702
            ],
            [
              -49.2857,
              -25.3694
            ],
            [
              -49.2857,
              -25.368
            ],
            [
              -49.2822,
              -25.3665
            ],
            [
              -49.2826,
              -25.3647
            ],
            [
              -49.2818,
              -25.3636
            ],
            [
              -49.2841,
              -25.3628
            ],
            [
              -49.2819,
              -25.3617
            ],
            [
              -49.2812,
              -25.3551
            ],
            [
              -49.2818,
              -25.3541
            ],
            [
              -49.2803,
              -25.3533
            ],
            [
              -49.2799,
              -25.3511
            ],
            [
              -49.2781,
              -25.3507
            ],
            [
              -49.2773,
              -25.3494
            ],
            [
              -49.2753,
              -25.3481
            ],
            [
              -49.2734,
              -25.3451
            ],
            [
              -49.2646,
              -25.3482
            ],
            [
              -49.2631,
              -25.3469
            ],
            [
              -49.2592,
              -25.3479
            ],
            [
              -49.2579,
              -25.3476
            ],
            [
              -49.2559,
              -25.3482
            ],
            [
              -49.2537,
              -25.348
            ],
            [
              -49.2527,
              -25.3485
            ],
            [
              -49.2492,
              -25.3484
            ],
            [
              -49.2478,
              -25.3491
            ],
            [
              -49.2467,
              -25.3486
            ],
            [
              -49.2448,
              -25.349
            ],
            [
              -49.2431,
              -25.3485
            ],
            [
              -49.242,
              -25.3495
            ],
            [
              -49.2414,
              -25.3512
            ],
            [
              -49.2398,
              -25.3512
            ],
            [
              -49.2392,
              -25.3503
            ],
            [
              -49.237,
              -25.3512
            ],
            [
              -49.2347,
              -25.3508
            ],
            [
              -49.2332,
              -25.3498
            ],
            [
              -49.2312,
              -25.3504
            ],
            [
              -49.2295,
              -25.3498
            ]
          ]
        ]
      }
    },
    {
      "type": "Feature",
      "properties": {
        "codarea": "4101804",
        "name": "Arauc\u00e1ria"
      },
      "geometry": {
        "type": "Polygon",
        "coordinates": [
          [
            [
              -49.5859,
              -25.5999
            ],
            [
              -49.5851,
              -25.602
            ],
            [
              -49.5832,
              -25.602
            ],
            [
              -49.5813,
              -25.6029
            ],
            [
              -49.5812,
              -25.6037
            ],
            [
              -49.583,
              -25.6048
            ],
            [
              -49.582,
              -25.6063
            ],
            [
              -49.581,
              -25.6061
            ],
            [
              -49.5794,
              -25.6035
            ],
            [
              -49.5785,
              -25.6047
            ],
            [
              -49.5744,
              -25.6067
            ],
            [
              -49.5735,
              -25.6047
            ],
            [
              -49.5715,
              -25.6023
            ],
            [
              -49.5701,
              -25.6015
            ],
            [
              -49.5673,
              -25.6025
            ],
            [
              -49.5655,
              -25.601
            ],
            [
              -49.5627,
              -25.6002
            ],
            [
              -49.5623,
              -25.5991
            ],
            [
              -49.5631,
              -25.5975
            ],
            [
              -49.5626,
              -25.5943
            ],
            [
              -49.5592,
              -25.5934
            ],
            [
              -49.5577,
              -25.5919
            ],
            [
              -49.5565,
              -25.5929
            ],
            [
              -49.5549,
              -25.5926
            ],
            [
              -49.553,
              -25.5907
            ],
            [
              -49.5516,
              -25.5919
            ],
            [
              -49.5525,
              -25.5929
            ],
            [
              -49.5545,
              -25.5936
            ],
            [
              -49.5545,
              -25.5956
            ],
            [
              -49.5555,
              -25.5972
            ],
            [
              -49.5554,
              -25.5985
            ],
            [
              -49.5527,
              -25.5998
            ],
            [
              -49.5516,
              -25.6
            ],
            [
              -49.5504,
              -25.6018
            ],
            [
              -49.5523,
              -25.6032
            ],
            [
              -49.5518,
              -25.6046
            ],
            [
              -49.5509,
              -25.6047
            ],
            [
              -49.5493,
              -25.6035
            ],
            [
              -49.5475,
              -25.6067
            ],
            [
              -49.5466,
              -25.6071
            ],
            [
              -49.5473,
              -25.6109
            ],
            [
              -49.5453,
              -25.6112
            ],
            [
              -49.545,
              -25.6136
            ],
            [
              -49.5437,
              -25.6154
            ],
            [
              -49.5415,
              -25.6166
            ],
            [
              -49.5403,
              -25.6183
            ],
            [
              -49.5401,
              -25.621
            ],
            [
              -49.5406,
              -25.623
            ],
            [
              -49.5407,
              -25.6265
            ],
            [
              -49.5405,
              -25.6298
            ],
            [
              -49.54,
              -25.632
            ],
            [
              -49.539,
              -25.6334
            ],
            [
              -49.5395,
              -25.6348
            ],
            [
              -49.5388,
              -25.6369
            ],
            [
              -49.5393,
              -25.6381
            ],
            [
              -49.5391,
              -25.6408
            ],
            [
              -49.538,
              -25.6419
            ],
            [
              -49.5399,
              -25.644
            ],
            [
              -49.5406,
              -25.6472
            ],
            [
              -49.5403,
              -25.6486
            ],
            [
              -49.5407,
              -25.6512
            ],
            [
              -49.54,
              -25.6532
            ],
            [
              -49.5415,
              -25.6553
            ],
            [
              -49.5396,
              -25.6584
            ],
            [
              -49.5367,
              -25.6608
            ],
            [
              -49.5372,
              -25.6618
            ],
            [
              -49.5358,
              -25.6644
            ],
            [
              -49.5337,
              -25.6652
            ],
            [
              -49.5294,
              -25.6655
            ],
            [
              -49.5263,
              -25.6663
            ],
            [
              -49.5246,
              -25.6662
            ],
            [
              -49.5222,
              -25.6681
            ],
            [
              -49.5196,
              -25.6652
            ],
            [
              -49.5176,
              -25.6645
            ],
            [
              -49.5129,
              -25.662
            ],
            [
              -49.5119,
              -25.6585
            ],
            [
              -49.5128,
              -25.6565
            ],
            [
              -49.5124,
              -25.6528
            ],
            [
              -49.5115,
              -25.6515
            ],
            [
              -49.5124,
              -25.6465
            ],
            [
              -49.5109,
              -25.6426
            ],
            [
              -49.5076,
              -25.642
            ],
            [
              -49.5008,
              -25.6374
            ],
            [
              -49.4967,
              -25.6379
            ],
            [
              -49.4943,
              -25.6366
            ],
            [
              -49.4927,
              -25.6372
            ],
            [
              -49.4896,
              -25.6375
            ],
            [
              -49.4874,
              -25.637
            ],
            [
              -49.4834,
              -25.6381
            ],
            [
              -49.479,
              -25.6377
            ],
            [
              -49.4773,
              -25.6389
            ],
            [
              -49.4777,
              -25.6411
            ],
            [
              -49.4794,
              -25.6423
            ],
            [
              -49.4801,
              -25.6447
            ],
            [
              -49.4793,
              -25.6464
            ],
            [
              -49.4809,
              -25.6485
            ],
            [
              -49.4803,
              -25.6497
            ],
            [
              -49.4799,
              -25.6523
            ],
            [
              -49.4786,
              -25.6529
            ],
            [
              -49.4795,
              -25.6542
            ],
            [
              -49.479,
              -25.6553
            ],
            [
              -49.48,
              -25.6568
            ],
            [
              -49.4797,
              -25.6602
            ],
            [
              -49.4807,
              -25.6623
            ],
            [
              -49.4806,
              -25.6653
            ],
            [
              -49.4797,
              -25.6673
            ],
            [
              -49.4791,
              -25.6697
            ],
            [
              -49.4796,
              -25.6726
            ],
            [
              -49.4783,
              -25.6737
            ],
            [
              -49.4796,
              -25.68
            ],
            [
              -49.479,
              -25.6812
            ],
            [
              -49.4793,
              -25.6849
            ],
            [
              -49.4778,
              -25.6861
            ],
            [
              -49.4787,
              -25.6897
            ],
            [
              -49.4796,
              -25.6908
            ],
            [
              -49.4781,
              -25.6925
            ],
            [
              -49.4782,
              -25.695
            ],
            [
              -49.4748,
              -25.6946
            ],
            [
              -49.4737,
              -25.6967
            ],
            [
              -49.4727,
              -25.6978
            ],
            [
              -49.4709,
              -25.6972
            ],
            [
              -49.469,
              -25.6987
            ],
            [
              -49.4662,
              -25.698
            ],
            [
              -49.4659,
              -25.6996
            ],
            [
              -49.4644,
              -25.7014
            ],
            [
              -49.4641,
              -25.7028
            ],
            [
              -49.4629,
              -25.7039
            ],
            [
              -49.4599,
              -25.7048
            ],
            [
              -49.4593,
              -25.7067
            ],
            [
              -49.4595,
              -25.7087
            ],
            [
              -49.4586,
              -25.71
            ],
            [
              -49.4575,
              -25.713
            ],
            [
              -49.4554,
              -25.7144
            ],
            [
              -49.4555,
              -25.7174
            ],
            [
              -49.4548,
              -25.7201
            ],
            [
              -49.4532,
              -25.7223
            ],
            [
              -49.4532,
              -25.7275
            ],
            [
              -49.4537,
              -25.7297
            ],
            [
              -49.453,
              -25.7315
            ],
            [
              -49.4486,
              -25.7304
            ],
            [
              -49.4443,
              -25.7307
            ],
            [
              -49.4431,
              -25.7315
            ],
            [
              -49.4415,
              -25.7342
            ],
            [
              -49.4372,
              -25.7363
            ],
            [
              -49.4362,
              -25.738
            ],
            [
              -49.4345,
              -25.7393
            ],
            [
              -49.4288,
              -25.74
            ],
            [
              -49.4273,
              -25.74
            ],
            [
              -49.4261,
              -25.7414
            ],
            [
              -49.4238,
              -25.7428
            ],
            [
              -49.4236,
              -25.7438
            ],
            [
              -49.4194,
              -25.744
            ],
            [
              -49.4164,
              -25.7457
            ],
            [
              -49.4157,
              -25.7453
            ],
            [
              -49.4141,
              -25.7429
            ],
            [
              -49.4121,
              -25.7418
            ],
            [
              -49.4113,
              -25.744
            ],
            [
              -49.4109,
              -25.7471
            ],
            [
              -49.4114,
              -25.7509
            ],
            [
              -49.4095,
              -25.7538
            ],
            [
              -49.408,
              -25.7546
            ],
            [
              -49.408,
              -25.7571
            ],
            [
              -49.4097,
              -25.7599
            ],
            [
              -49.408,
              -25.7607
            ],
            [
              -49.4059,
              -25.7607
            ],
            [
              -49.4039,
              -25.7615
            ],
            [
              -49.403,
              -25.7643
            ],
            [
              -49.4006,
              -25.7661
            ],
            [
              -49.3994,
              -25.769
            ],
            [
              -49.3978,
              -25.7715
            ],
            [
              -49.396,
              -25.7733
            ],
            [
              -49.3935,
              -25.7739
            ],
            [
              -49.392,
              -25.7736
            ],
            [
              -49.3902,
              -25.7744
            ],
            [
              -49.3882,
              -25.776
            ],
            [
              -49.3876,
              -25.7807
            ],
            [
              -49.3851,
              -25.7836
            ],
            [
              -49.3835,
              -25.7858
            ],
            [
              -49.3814,
              -25.7848
            ],
            [
              -49.3796,
              -25.7855
            ],
            [
              -49.3776,
              -25.7855
            ],
            [
              -49.3753,
              -25.7864
            ],
            [
              -49.3708,
              -25.7876
            ],
            [
              -49.3697,
              -25.7889
            ],
            [
              -49.3676,
              -25.7868
            ],
            [
              -49.3656,
              -25.786
            ],
            [
              -49.365,
              -25.7847
            ],
            [
              -49.3652,
              -25.7826
            ],
            [
              -49.3669,
              -25.7801
            ],
            [
              -49.3691,
              -25.7778
            ],
            [
              -49.3708,
              -25.7776
            ],
            [
              -49.3682,
              -25.7752
            ],
            [
              -49.3667,
              -25.7759
            ],
            [
              -49.3652,
              -25.7755
            ],
            [
              -49.3639,
              -25.7736
            ],
            [
              -49.364,
              -25.7721
            ],
            [
              -49.363,
              -25.7698
            ],
            [
              -49.3629,
              -25.7659
            ],
            [
              -49.3632,
              -25.765
            ],
            [
              -49.3625,
              -25.7604
            ],
            [
              -49.3637,
              -25.7584
            ],
            [
              -49.3637,
              -25.7547
            ],
            [
              -49.3627,
              -25.7532
            ],
            [
              -49.3636,
              -25.7523
            ],
            [
              -49.3633,
              -25.7501
            ],
            [
              -49.3637,
              -25.7471
            ],
            [
              -49.3628,
              -25.7426
            ],
            [
              -49.3631,
              -25.7402
            ],
            [
              -49.3629,
              -25.7369
            ],
            [
              -49.3612,
              -25.7349
            ],
            [
              -49.3611,
              -25.7337
            ],
            [
              -49.3588,
              -25.7311
            ],
            [
              -49.3574,
              -25.7276
            ],
            [
              -49.3585,
              -25.7243
            ],
            [
              -49.3581,
              -25.7217
            ],
            [
              -49.3586,
              -25.7215
            ],
            [
              -49.359,
              -25.7183
            ],
            [
              -49.3595,
              -25.7172
            ],
            [
              -49.3596,
              -25.7145
            ],
            [
              -49.3592,
              -25.7131
            ],
            [
              -49.3594,
              -25.711
            ],
            [
              -49.3592,
              -25.7068
            ],
            [
              -49.3602,
              -25.7048
            ],
            [
              -49.3593,
              -25.7028
            ],
            [
              -49.3605,
              -25.6993
            ],
            [
              -49.3604,
              -25.6967
            ],
            [
              -49.3589,
              -25.696
            ],
            [
              -49.3578,
              -25.6939
            ],
            [
              -49.3579,
              -25.6909
            ],
            [
              -49.3574,
              -25.6899
            ],
            [
              -49.3588,
              -25.6855
            ],
            [
              -49.3602,
              -25.6838
            ],
            [
              -49.3582,
              -25.6818
            ],
            [
              -49.3569,
              -25.681
            ],
            [
              -49.3553,
              -25.6786
            ],
            [
              -49.3548,
              -25.6767
            ],
            [
              -49.3552,
              -25.6735
            ],
            [
              -49.3557,
              -25.6723
            ],
            [
              -49.3579,
              -25.6703
            ],
            [
              -49.3593,
              -25.6695
            ],
            [
              -49.3595,
              -25.6681
            ],
            [
              -49.3612,
              -25.6668
            ],
            [
              -49.3602,
              -25.665
            ],
            [
              -49.3599,
              -25.6628
            ],
            [
              -49.3604,
              -25.6613
            ],
            [
              -49.3599,
              -25.6602
            ],
            [
              -49.3609,
              -25.6589
            ],
            [
              -49.3624,
              -25.659
            ],
            [
              -49.3647,
              -25.6577
            ],
            [
              -49.3652,
              -25.6562
            ],
            [
              -49.3628,
              -25.6553
            ],
            [
              -49.3642,
              -25.6545
            ],
            [
              -49.3653,
              -25.6517
            ],
            [
              -49.3634,
              -25.6502
            ],
            [
              -49.3628,
              -25.647
            ],
            [
              -49.3599,
              -25.6467
            ],
            [
              -49.3599,
              -25.6432
            ],
            [
              -49.3634,
              -25.6418
            ],
            [
              -49.3658,
              -25.6413
            ],
            [
              -49.3642,
              -25.6384
            ],
            [
              -49.3638,
              -25.6353
            ],
            [
              -49.3657,
              -25.634
            ],
            [
              -49.3655,
              -25.6329
            ],
            [
              -49.364,
              -25.6318
            ],
            [
              -49.3631,
              -25.6294
            ],
            [
              -49.3617,
              -25.628
            ],
            [
              -49.3594,
              -25.6266
            ],
            [
              -49.3597,
              -25.619
            ],
            [
              -49.3578,
              -25.6167
            ],
            [
              -49.3571,
              -25.6074
            ],
            [
              -49.3527,
              -25.6053
            ],
            [
              -49.3523,
              -25.6048
            ],
            [
              -49.3505,
              -25.5948
            ],
            [
              -49.3476,
              -25.591
            ],
            [
              -49.346,
              -25.5895
            ],
            [
              -49.3454,
              -25.5855
            ],
            [
              -49.3456,
              -25.5825
            ],
            [
              -49.3463,
              -25.5811
            ],
            [
              -49.3446,
              -25.5801
            ],
            [
              -49.3428,
              -25.5804
            ],
            [
              -49.3429,
              -25.5785
            ],
            [
              -49.3437,
              -25.577
            ],
            [
              -49.3428,
              -25.5738
            ],
            [
              -49.3445,
              -25.5707
            ],
            [
              -49.3451,
              -25.5689
            ],
            [
              -49.345,
              -25.5657
            ],
            [
              -49.3444,
              -25.5621
            ],
            [
              -49.3444,
              -25.5603
            ],
            [
              -49.3429,
              -25.5577
            ],
            [
              -49.3419,
              -25.5549
            ],
            [
              -49.3457,
              -25.5477
            ],
            [
              -49.3458,
              -25.5413
            ],
            [
              -49.3428,
              -25.538
            ],
            [
              -49.3411,
              -25.537
            ],
            [
              -49.3407,
              -25.5354
            ],
            [
              -49.3442,
              -25.5316
            ],
            [
              -49.3436,
              -25.5307
            ],
            [
              -49.3414,
              -25.5288
            ],
            [
              -49.3402,
              -25.5271
            ],
            [
              -49.3392,
              -25.5204
            ],
            [
              -49.3403,
              -25.5184
            ],
            [
              -49.3381,
              -25.5155
            ],
            [
              -49.3396,
              -25.5132
            ],
            [
              -49.3437,
              -25.5158
            ],
            [
              -49.345,
              -25.5158
            ],
            [
              -49.3479,
              -25.5173
            ],
            [
              -49.3492,
              -25.5187
            ],
            [
              -49.352,
              -25.5183
            ],
            [
              -49.3529,
              -25.5186
            ],
            [
              -49.3535,
              -25.5202
            ],
            [
              -49.359,
              -25.5202
            ],
            [
              -49.3602,
              -25.5187
            ],
            [
              -49.3615,
              -25.5179
            ],
            [
              -49.3641,
              -25.5176
            ],
            [
              -49.3656,
              -25.5182
            ],
            [
              -49.3673,
              -25.518
            ],
            [
              -49.3705,
              -25.5159
            ],
            [
              -49.3717,
              -25.5155
            ],
            [
              -49.3745,
              -25.5134
            ],
            [
              -49.3756,
              -25.5143
            ],
            [
              -49.3778,
              -25.5146
            ],
            [
              -49.3785,
              -25.5141
            ],
            [
              -49.3808,
              -25.5144
            ],
            [
              -49.3813,
              -25.5123
            ],
            [
              -49.3809,
              -25.5105
            ],
            [
              -49.3817,
              -25.5075
            ],
            [
              -49.3839,
              -25.5032
            ],
            [
              -49.3855,
              -25.5008
            ],
            [
              -49.3873,
              -25.5001
            ],
            [
              -49.3888,
              -25.4971
            ],
            [
              -49.3922,
              -25.4976
            ],
            [
              -49.3946,
              -25.4986
            ],
            [
              -49.3955,
              -25.4973
            ],
            [
              -49.3994,
              -25.4959
            ],
            [
              -49.4012,
              -25.4928
            ],
            [
              -49.4046,
              -25.4926
            ],
            [
              -49.4213,
              -25.4899
            ],
            [
              -49.4225,
              -25.4887
            ],
            [
              -49.4237,
              -25.4865
            ],
            [
              -49.4245,
              -25.4832
            ],
            [
              -49.4255,
              -25.4822
            ],
            [
              -49.4281,
              -25.4807
            ],
            [
              -49.4309,
              -25.4805
            ],
            [
              -49.4359,
              -25.4806
            ],
            [
              -49.4379,
              -25.4798
            ],
            [
              -49.4387,
              -25.4816
            ],
            [
              -49.4404,
              -25.483
            ],
            [
              -49.4431,
              -25.4834
            ],
            [
              -49.4425,
              -25.4859
            ],
            [
              -49.4439,
              -25.4867
            ],
            [
              -49.4445,
              -25.4858
            ],
            [
              -49.4473,
              -25.4861
            ],
            [
              -49.4498,
              -25.487
            ],
            [
              -49.4523,
              -25.4867
            ],
            [
              -49.4538,
              -25.4856
            ],
            [
              -49.4551,
              -25.4853
            ],
            [
              -49.4599,
              -25.4866
            ],
            [
              -49.4633,
              -25.4839
            ],
            [
              -49.4636,
              -25.4822
            ],
            [
              -49.4669,
              -25.4817
            ],
            [
              -49.4695,
              -25.4828
            ],
            [
              -49.4688,
              -25.4843
            ],
            [
              -49.4701,
              -25.4846
            ],
            [
              -49.4698,
              -25.4862
            ],
            [
              -49.4714,
              -25.487
            ],
            [
              -49.4728,
              -25.4859
            ],
            [
              -49.4745,
              -25.486
            ],
            [
              -49.4778,
              -25.4877
            ],
            [
              -49.48,
              -25.4899
            ],
            [
              -49.4825,
              -25.4914
            ],
            [
              -49.4834,
              -25.4929
            ],
            [
              -49.4846,
              -25.4931
            ],
            [
              -49.4868,
              -25.4946
            ],
            [
              -49.4858,
              -25.4966
            ],
            [
              -49.4862,
              -25.4985
            ],
            [
              -49.4876,
              -25.5
            ],
            [
              -49.4905,
              -25.5009
            ],
            [
              -49.4925,
              -25.4997
            ],
            [
              -49.4936,
              -25.5004
            ],
            [
              -49.4958,
              -25.5005
            ],
            [
              -49.498,
              -25.5012
            ],
            [
              -49.4999,
              -25.5007
            ],
            [
              -49.5013,
              -25.5011
            ],
            [
              -49.5015,
              -25.5062
            ],
            [
              -49.5032,
              -25.5086
            ],
            [
              -49.5046,
              -25.509
            ],
            [
              -49.5054,
              -25.5103
            ],
            [
              -49.5081,
              -25.5115
            ],
            [
              -49.5111,
              -25.5107
            ],
            [
              -49.5137,
              -25.5142
            ],
            [
              -49.5135,
              -25.5173
            ],
            [
              -49.5148,
              -25.5171
            ],
            [
              -49.5158,
              -25.5157
            ],
            [
              -49.517,
              -25.519
            ],
            [
              -49.5198,
              -25.5201
            ],
            [
              -49.5209,
              -25.5176
            ],
            [
              -49.5229,
              -25.5194
            ],
            [
              -49.525,
              -25.5252
            ],
            [
              -49.5274,
              -25.5254
            ],
            [
              -49.528,
              -25.527
            ],
            [
              -49.5295,
              -25.5287
            ],
            [
              -49.5294,
              -25.5295
            ],
            [
              -49.5315,
              -25.5304
            ],
            [
              -49.533,
              -25.5287
            ],
            [
              -49.5346,
              -25.5294
            ],
            [
              -49.5351,
              -25.5304
            ],
            [
              -49.5376,
              -25.5317
            ],
            [
              -49.539,
              -25.5314
            ],
            [
              -49.5391,
              -25.5334
            ],
            [
              -49.5405,
              -25.5332
            ],
            [
              -49.5422,
              -25.5351
            ],
            [
              -49.5443,
              -25.5367
            ],
            [
              -49.5449,
              -25.5379
            ],
            [
              -49.548,
              -25.5384
            ],
            [
              -49.5488,
              -25.5403
            ],
            [
              -49.5506,
              -25.5399
            ],
            [
              -49.5529,
              -25.5411
            ],
            [
              -49.5533,
              -25.5421
            ],
            [
              -49.5511,
              -25.5425
            ],
            [
              -49.5521,
              -25.5447
            ],
            [
              -49.5512,
              -25.5455
            ],
            [
              -49.5522,
              -25.5477
            ],
            [
              -49.5506,
              -25.5478
            ],
            [
              -49.5504,
              -25.5491
            ],
            [
              -49.5517,
              -25.5508
            ],
            [
              -49.5531,
              -25.5517
            ],
            [
              -49.5526,
              -25.5526
            ],
            [
              -49.5538,
              -25.5541
            ],
            [
              -49.5565,
              -25.5509
            ],
            [
              -49.559,
              -25.5507
            ],
            [
              -49.5612,
              -25.5485
            ],
            [
              -49.5637,
              -25.5483
            ],
            [
              -49.5659,
              -25.548
            ],
            [
              -49.5697,
              -25.548
            ],
            [
              -49.5717,
              -25.5499
            ],
            [
              -49.573,
              -25.5496
            ],
            [
              -49.5733,
              -25.5511
            ],
            [
              -49.5743,
              -25.5529
            ],
            [
              -49.574,
              -25.5549
            ],
            [
              -49.5732,
              -25.5563
            ],
            [
              -49.5739,
              -25.5598
            ],
            [
              -49.5757,
              -25.5604
            ],
            [
              -49.5766,
              -25.5632
            ],
            [
              -49.5789,
              -25.5628
            ],
            [
              -49.5812,
              -25.5645
            ],
            [
              -49.5821,
              -25.5669
            ],
            [
              -49.5832,
              -25.5665
            ],
            [
              -49.5851,
              -25.5677
            ],
            [
              -49.5858,
              -25.5692
            ],
            [
              -49.5846,
              -25.5706
            ],
            [
              -49.5863,
              -25.572
            ],
            [
              -49.5863,
              -25.5741
            ],
            [
              -49.5851,
              -25.575
            ],
            [
              -49.5856,
              -25.5759
            ],
            [
              -49.5844,
              -25.5784
            ],
            [
              -49.5847,
              -25.5798
            ],
            [
              -49.5832,
              -25.5804
            ],
            [
              -49.584,
              -25.5818
            ],
            [
              -49.5846,
              -25.5841
            ],
            [
              -49.5831,
              -25.5841
            ],
            [
              -49.582,
              -25.5879
            ],
            [
              -49.582,
              -25.5903
            ],
            [
              -49.581,
              -25.5923
            ],
            [
              -49.582,
              -25.5931
            ],
            [
              -49.582,
              -25.5944
            ],
            [
              -49.5836,
              -25.5947
            ],
            [
              -49.5839,
              -25.5978
            ],
            [
              -49.5859,
              -25.5999
            ]
          ]
        ]
      }
    },
    {
      "type": "Feature",
      "properties": {
        "codarea": "4104006",
        "name": "Campina Grande do Sul"
      },
      "geometry": {
        "type": "Polygon",
        "coordinates": [
          [
            [
              -48.5981,
              -25.0033
            ],
            [
              -48.6028,
              -25.0013
            ],
            [
              -48.6073,
              -25.0012
            ],
            [
              -48.6082,
              -25.0003
            ],
            [
              -48.6086,
              -24.9983
            ],
            [
              -48.6114,
              -24.9975
            ],
            [
              -48.6122,
              -24.9979
            ],
            [
              -48.6113,
              -25.0014
            ],
            [
              -48.6144,
              -25.0036
            ],
            [
              -48.6176,
              -25.0037
            ],
            [
              -48.6196,
              -25.0051
            ],
            [
              -48.6206,
              -25.004
            ],
            [
              -48.6207,
              -25.0027
            ],
            [
              -48.623,
              -25.0013
            ],
            [
              -48.624,
              -25.0024
            ],
            [
              -48.6264,
              -25.0033
            ],
            [
              -48.628,
              -25.0017
            ],
            [
              -48.6287,
              -24.9988
            ],
            [
              -48.632,
              -24.9968
            ],
            [
              -48.6341,
              -24.9993
            ],
            [
              -48.6354,
              -25.0001
            ],
            [
              -48.6366,
              -25.0025
            ],
            [
              -48.6387,
              -25.0047
            ],
            [
              -48.6399,
              -25.0045
            ],
            [
              -48.6421,
              -25.0026
            ],
            [
              -48.6436,
              -25.0002
            ],
            [
              -48.647,
              -24.9986
            ],
            [
              -48.6486,
              -24.9983
            ],
            [
              -48.6496,
              -24.999
            ],
            [
              -48.6501,
              -25.0015
            ],
            [
              -48.6514,
              -25.0044
            ],
            [
              -48.6511,
              -25.006
            ],
            [
              -48.6502,
              -25.0069
            ],
            [
              -48.6481,
              -25.0069
            ],
            [
              -48.6476,
              -25.0077
            ],
            [
              -48.645,
              -25.0076
            ],
            [
              -48.6449,
              -25.0095
            ],
            [
              -48.644,
              -25.0107
            ],
            [
              -48.6459,
              -25.0116
            ],
            [
              -48.6547,
              -25.0135
            ],
            [
              -48.6569,
              -25.0129
            ],
            [
              -48.6576,
              -25.0145
            ],
            [
              -48.6596,
              -25.0154
            ],
            [
              -48.6594,
              -25.0177
            ],
            [
              -48.6622,
              -25.0201
            ],
            [
              -48.6639,
              -25.02
            ],
            [
              -48.6652,
              -25.0179
            ],
            [
              -48.6662,
              -25.0183
            ],
            [
              -48.6701,
              -25.0178
            ],
            [
              -48.6707,
              -25.019
            ],
            [
              -48.6701,
              -25.0222
            ],
            [
              -48.6675,
              -25.0245
            ],
            [
              -48.6651,
              -25.0289
            ],
            [
              -48.6629,
              -25.0286
            ],
            [
              -48.6619,
              -25.029
            ],
            [
              -48.6619,
              -25.0302
            ],
            [
              -48.6635,
              -25.0328
            ],
            [
              -48.6704,
              -25.0324
            ],
            [
              -48.6714,
              -25.03
            ],
            [
              -48.672,
              -25.0298
            ],
            [
              -48.6752,
              -25.0306
            ],
            [
              -48.6761,
              -25.0327
            ],
            [
              -48.6739,
              -25.0344
            ],
            [
              -48.6737,
              -25.0362
            ],
            [
              -48.6753,
              -25.0418
            ],
            [
              -48.6774,
              -25.0421
            ],
            [
              -48.6771,
              -25.0439
            ],
            [
              -48.678,
              -25.0441
            ],
            [
              -48.6808,
              -25.0402
            ],
            [
              -48.6831,
              -25.0401
            ],
            [
              -48.6835,
              -25.0409
            ],
            [
              -48.6832,
              -25.0431
            ],
            [
              -48.6813,
              -25.0461
            ],
            [
              -48.6819,
              -25.0477
            ],
            [
              -48.6838,
              -25.0493
            ],
            [
              -48.6867,
              -25.0469
            ],
            [
              -48.6887,
              -25.0466
            ],
            [
              -48.6889,
              -25.0478
            ],
            [
              -48.6884,
              -25.0507
            ],
            [
              -48.6887,
              -25.0512
            ],
            [
              -48.6926,
              -25.0528
            ],
            [
              -48.695,
              -25.0534
            ],
            [
              -48.6961,
              -25.0528
            ],
            [
              -48.6973,
              -25.0509
            ],
            [
              -48.6962,
              -25.049
            ],
            [
              -48.6966,
              -25.048
            ],
            [
              -48.6988,
              -25.0482
            ],
            [
              -48.7001,
              -25.0493
            ],
            [
              -48.7013,
              -25.0467
            ],
            [
              -48.7056,
              -25.0452
            ],
            [
              -48.707,
              -25.0464
            ],
            [
              -48.706,
              -25.0488
            ],
            [
              -48.7095,
              -25.048
            ],
            [
              -48.7106,
              -25.0466
            ],
            [
              -48.7116,
              -25.0444
            ],
            [
              -48.7145,
              -25.0441
            ],
            [
              -48.718,
              -25.0413
            ],
            [
              -48.7184,
              -25.04
            ],
            [
              -48.7196,
              -25.0401
            ],
            [
              -48.7218,
              -25.0414
            ],
            [
              -48.7264,
              -25.0386
            ],
            [
              -48.7288,
              -25.0383
            ],
            [
              -48.7301,
              -25.0367
            ],
            [
              -48.7312,
              -25.0331
            ],
            [
              -48.7323,
              -25.0327
            ],
            [
              -48.7346,
              -25.0357
            ],
            [
              -48.7362,
              -25.0355
            ],
            [
              -48.7374,
              -25.0364
            ],
            [
              -48.7394,
              -25.0398
            ],
            [
              -48.7419,
              -25.0371
            ],
            [
              -48.7468,
              -25.0403
            ],
            [
              -48.7479,
              -25.0419
            ],
            [
              -48.7518,
              -25.044
            ],
            [
              -48.7521,
              -25.0426
            ],
            [
              -48.7538,
              -25.0437
            ],
            [
              -48.752,
              -25.0458
            ],
            [
              -48.7515,
              -25.05
            ],
            [
              -48.7506,
              -25.0513
            ],
            [
              -48.7529,
              -25.0528
            ],
            [
              -48.7531,
              -25.0559
            ],
            [
              -48.7542,
              -25.0586
            ],
            [
              -48.7536,
              -25.0608
            ],
            [
              -48.7551,
              -25.0612
            ],
            [
              -48.7583,
              -25.0606
            ],
            [
              -48.761,
              -25.0607
            ],
            [
              -48.7636,
              -25.0593
            ],
            [
              -48.764,
              -25.0574
            ],
            [
              -48.7657,
              -25.0588
            ],
            [
              -48.7672,
              -25.0628
            ],
            [
              -48.769,
              -25.0636
            ],
            [
              -48.7697,
              -25.0661
            ],
            [
              -48.7692,
              -25.0695
            ],
            [
              -48.7715,
              -25.0699
            ],
            [
              -48.7726,
              -25.0685
            ],
            [
              -48.7734,
              -25.0661
            ],
            [
              -48.7722,
              -25.0639
            ],
            [
              -48.7757,
              -25.06
            ],
            [
              -48.7772,
              -25.0591
            ],
            [
              -48.7792,
              -25.0605
            ],
            [
              -48.7792,
              -25.062
            ],
            [
              -48.7811,
              -25.0642
            ],
            [
              -48.7825,
              -25.064
            ],
            [
              -48.7844,
              -25.0619
            ],
            [
              -48.7844,
              -25.0604
            ],
            [
              -48.7872,
              -25.0613
            ],
            [
              -48.7882,
              -25.0628
            ],
            [
              -48.7893,
              -25.0633
            ],
            [
              -48.7924,
              -25.0632
            ],
            [
              -48.795,
              -25.0635
            ],
            [
              -48.796,
              -25.0657
            ],
            [
              -48.7982,
              -25.0673
            ],
            [
              -48.7996,
              -25.0689
            ],
            [
              -48.799,
              -25.0713
            ],
            [
              -48.8028,
              -25.0759
            ],
            [
              -48.8014,
              -25.0781
            ],
            [
              -48.8013,
              -25.0791
            ],
            [
              -48.8039,
              -25.0813
            ],
            [
              -48.804,
              -25.0827
            ],
            [
              -48.8064,
              -25.0827
            ],
            [
              -48.8085,
              -25.0838
            ],
            [
              -48.8103,
              -25.0842
            ],
            [
              -48.8109,
              -25.0823
            ],
            [
              -48.8122,
              -25.0816
            ],
            [
              -48.814,
              -25.0814
            ],
            [
              -48.8186,
              -25.0831
            ],
            [
              -48.8188,
              -25.0852
            ],
            [
              -48.8223,
              -25.0865
            ],
            [
              -48.8277,
              -25.0873
            ],
            [
              -48.827,
              -25.0887
            ],
            [
              -48.8231,
              -25.0906
            ],
            [
              -48.823,
              -25.0917
            ],
            [
              -48.8258,
              -25.0931
            ],
            [
              -48.8258,
              -25.0947
            ],
            [
              -48.825,
              -25.0969
            ],
            [
              -48.8273,
              -25.0982
            ],
            [
              -48.8287,
              -25.1
            ],
            [
              -48.8317,
              -25.1006
            ],
            [
              -48.8337,
              -25.1
            ],
            [
              -48.8347,
              -25.0983
            ],
            [
              -48.8365,
              -25.0971
            ],
            [
              -48.8377,
              -25.0953
            ],
            [
              -48.8393,
              -25.094
            ],
            [
              -48.8385,
              -25.0909
            ],
            [
              -48.8408,
              -25.0911
            ],
            [
              -48.8443,
              -25.0936
            ],
            [
              -48.8435,
              -25.096
            ],
            [
              -48.8462,
              -25.0995
            ],
            [
              -48.8445,
              -25.1012
            ],
            [
              -48.8476,
              -25.1032
            ],
            [
              -48.8507,
              -25.1021
            ],
            [
              -48.8532,
              -25.1039
            ],
            [
              -48.8549,
              -25.1046
            ],
            [
              -48.8583,
              -25.1038
            ],
            [
              -48.8596,
              -25.1039
            ],
            [
              -48.8621,
              -25.1077
            ],
            [
              -48.8665,
              -25.1093
            ],
            [
              -48.8666,
              -25.111
            ],
            [
              -48.8654,
              -25.1156
            ],
            [
              -48.8668,
              -25.1177
            ],
            [
              -48.8692,
              -25.1176
            ],
            [
              -48.8696,
              -25.1226
            ],
            [
              -48.8684,
              -25.1243
            ],
            [
              -48.8692,
              -25.1261
            ],
            [
              -48.8688,
              -25.1269
            ],
            [
              -48.8667,
              -25.1275
            ],
            [
              -48.8665,
              -25.1292
            ],
            [
              -48.8689,
              -25.1317
            ],
            [
              -48.8692,
              -25.1345
            ],
            [
              -48.8745,
              -25.1351
            ],
            [
              -48.8767,
              -25.1372
            ],
            [
              -48.8741,
              -25.1392
            ],
            [
              -48.8702,
              -25.1413
            ],
            [
              -48.867,
              -25.1443
            ],
            [
              -48.8666,
              -25.1477
            ],
            [
              -48.868,
              -25.1502
            ],
            [
              -48.8698,
              -25.1504
            ],
            [
              -48.8701,
              -25.1485
            ],
            [
              -48.8717,
              -25.1476
            ],
            [
              -48.874,
              -25.1478
            ],
            [
              -48.8758,
              -25.1493
            ],
            [
              -48.8745,
              -25.1521
            ],
            [
              -48.8745,
              -25.153
            ],
            [
              -48.8758,
              -25.155
            ],
            [
              -48.8758,
              -25.1568
            ],
            [
              -48.8751,
              -25.1583
            ],
            [
              -48.8728,
              -25.1608
            ],
            [
              -48.8728,
              -25.1617
            ],
            [
              -48.8747,
              -25.1646
            ],
            [
              -48.8773,
              -25.1671
            ],
            [
              -48.8849,
              -25.168
            ],
            [
              -48.8871,
              -25.1688
            ],
            [
              -48.8892,
              -25.1716
            ],
            [
              -48.8871,
              -25.1759
            ],
            [
              -48.8878,
              -25.1786
            ],
            [
              -48.8888,
              -25.1793
            ],
            [
              -48.8911,
              -25.1798
            ],
            [
              -48.8988,
              -25.1781
            ],
            [
              -48.9012,
              -25.1795
            ],
            [
              -48.9016,
              -25.1803
            ],
            [
              -48.9012,
              -25.1839
            ],
            [
              -48.9023,
              -25.1874
            ],
            [
              -48.9023,
              -25.1888
            ],
            [
              -48.9004,
              -25.1909
            ],
            [
              -48.9015,
              -25.1942
            ],
            [
              -48.903,
              -25.1953
            ],
            [
              -48.9054,
              -25.196
            ],
            [
              -48.9074,
              -25.1943
            ],
            [
              -48.9086,
              -25.194
            ],
            [
              -48.9092,
              -25.1975
            ],
            [
              -48.9092,
              -25.2
            ],
            [
              -48.9103,
              -25.2014
            ],
            [
              -48.9117,
              -25.2002
            ],
            [
              -48.9122,
              -25.1962
            ],
            [
              -48.914,
              -25.1952
            ],
            [
              -48.916,
              -25.1949
            ],
            [
              -48.9174,
              -25.1934
            ],
            [
              -48.9194,
              -25.1929
            ],
            [
              -48.9192,
              -25.1965
            ],
            [
              -48.9185,
              -25.1983
            ],
            [
              -48.9189,
              -25.1998
            ],
            [
              -48.9205,
              -25.1997
            ],
            [
              -48.9222,
              -25.2014
            ],
            [
              -48.9251,
              -25.2006
            ],
            [
              -48.9241,
              -25.2022
            ],
            [
              -48.9249,
              -25.2037
            ],
            [
              -48.9262,
              -25.2035
            ],
            [
              -48.9273,
              -25.2012
            ],
            [
              -48.9263,
              -25.1989
            ],
            [
              -48.9312,
              -25.1987
            ],
            [
              -48.9327,
              -25.1973
            ],
            [
              -48.9349,
              -25.1966
            ],
            [
              -48.9361,
              -25.1974
            ],
            [
              -48.9361,
              -25.1995
            ],
            [
              -48.9371,
              -25.2011
            ],
            [
              -48.937,
              -25.2032
            ],
            [
              -48.9386,
              -25.2022
            ],
            [
              -48.939,
              -25.1999
            ],
            [
              -48.9418,
              -25.1989
            ],
            [
              -48.9435,
              -25.1979
            ],
            [
              -48.9459,
              -25.1986
            ],
            [
              -48.9476,
              -25.1985
            ],
            [
              -48.9453,
              -25.2012
            ],
            [
              -48.9479,
              -25.2048
            ],
            [
              -48.9472,
              -25.2085
            ],
            [
              -48.9491,
              -25.2091
            ],
            [
              -48.9521,
              -25.2114
            ],
            [
              -48.9494,
              -25.2137
            ],
            [
              -48.9452,
              -25.2157
            ],
            [
              -48.9462,
              -25.2174
            ],
            [
              -48.9445,
              -25.218
            ],
            [
              -48.9436,
              -25.2192
            ],
            [
              -48.9458,
              -25.2211
            ],
            [
              -48.9464,
              -25.2233
            ],
            [
              -48.9475,
              -25.2242
            ],
            [
              -48.9488,
              -25.224
            ],
            [
              -48.9491,
              -25.2228
            ],
            [
              -48.951,
              -25.2218
            ],
            [
              -48.9513,
              -25.223
            ],
            [
              -48.9535,
              -25.2236
            ],
            [
              -48.9532,
              -25.2252
            ],
            [
              -48.956,
              -25.227
            ],
            [
              -48.9577,
              -25.2268
            ],
            [
              -48.9586,
              -25.2273
            ],
            [
              -48.9591,
              -25.2297
            ],
            [
              -48.9577,
              -25.23
            ],
            [
              -48.958,
              -25.232
            ],
            [
              -48.9606,
              -25.2328
            ],
            [
              -48.9606,
              -25.2349
            ],
            [
              -48.9625,
              -25.2375
            ],
            [
              -48.9644,
              -25.2377
            ],
            [
              -48.9666,
              -25.2385
            ],
            [
              -48.9666,
              -25.24
            ],
            [
              -48.9649,
              -25.2401
            ],
            [
              -48.9643,
              -25.2412
            ],
            [
              -48.9649,
              -25.243
            ],
            [
              -48.9623,
              -25.2456
            ],
            [
              -48.9659,
              -25.245
            ],
            [
              -48.9686,
              -25.2458
            ],
            [
              -48.9685,
              -25.2472
            ],
            [
              -48.967,
              -25.2473
            ],
            [
              -48.9667,
              -25.2489
            ],
            [
              -48.9679,
              -25.2505
            ],
            [
              -48.9691,
              -25.2509
            ],
            [
              -48.9693,
              -25.253
            ],
            [
              -48.9686,
              -25.2543
            ],
            [
              -48.9664,
              -25.2564
            ],
            [
              -48.9685,
              -25.2579
            ],
            [
              -48.9666,
              -25.26
            ],
            [
              -48.9664,
              -25.2615
            ],
            [
              -48.9648,
              -25.2615
            ],
            [
              -48.9652,
              -25.2631
            ],
            [
              -48.9668,
              -25.2649
            ],
            [
              -48.9656,
              -25.2665
            ],
            [
              -48.9673,
              -25.2677
            ],
            [
              -48.9664,
              -25.2695
            ],
            [
              -48.9682,
              -25.2704
            ],
            [
              -48.9697,
              -25.2706
            ],
            [
              -48.9707,
              -25.2716
            ],
            [
              -48.9697,
              -25.2749
            ],
            [
              -48.9705,
              -25.278
            ],
            [
              -48.9687,
              -25.2795
            ],
            [
              -48.9701,
              -25.28
            ],
            [
              -48.9707,
              -25.2823
            ],
            [
              -48.9738,
              -25.281
            ],
            [
              -48.9754,
              -25.2823
            ],
            [
              -48.9783,
              -25.2821
            ],
            [
              -48.9793,
              -25.2801
            ],
            [
              -48.9813,
              -25.2786
            ],
            [
              -48.9817,
              -25.2777
            ],
            [
              -48.984,
              -25.2785
            ],
            [
              -48.9855,
              -25.2773
            ],
            [
              -48.9864,
              -25.2747
            ],
            [
              -48.9859,
              -25.274
            ],
            [
              -48.983,
              -25.2738
            ],
            [
              -48.982,
              -25.2729
            ],
            [
              -48.9802,
              -25.273
            ],
            [
              -48.9808,
              -25.2707
            ],
            [
              -48.9807,
              -25.2677
            ],
            [
              -48.9814,
              -25.2654
            ],
            [
              -48.9829,
              -25.2648
            ],
            [
              -48.9826,
              -25.2638
            ],
            [
              -48.9838,
              -25.2628
            ],
            [
              -48.9842,
              -25.2615
            ],
            [
              -48.9865,
              -25.2624
            ],
            [
              -48.9875,
              -25.2607
            ],
            [
              -48.9893,
              -25.2603
            ],
            [
              -48.9904,
              -25.2634
            ],
            [
              -48.992,
              -25.264
            ],
            [
              -48.9944,
              -25.2675
            ],
            [
              -48.997,
              -25.2661
            ],
            [
              -48.999,
              -25.2657
            ],
            [
              -48.9991,
              -25.2649
            ],
            [
              -49.0008,
              -25.2644
            ],
            [
              -49.0024,
              -25.265
            ],
            [
              -49.003,
              -25.2637
            ],
            [
              -49.0057,
              -25.2642
            ],
            [
              -49.0057,
              -25.2614
            ],
            [
              -49.0091,
              -25.2593
            ],
            [
              -49.0099,
              -25.2604
            ],
            [
              -49.0124,
              -25.2615
            ],
            [
              -49.0147,
              -25.2655
            ],
            [
              -49.0138,
              -25.2673
            ],
            [
              -49.0154,
              -25.2708
            ],
            [
              -49.0161,
              -25.2708
            ],
            [
              -49.0198,
              -25.2689
            ],
            [
              -49.0222,
              -25.2694
            ],
            [
              -49.023,
              -25.2683
            ],
            [
              -49.025,
              -25.267
            ],
            [
              -49.027,
              -25.2683
            ],
            [
              -49.0292,
              -25.2691
            ],
            [
              -49.0349,
              -25.2679
            ],
            [
              -49.0371,
              -25.2673
            ],
            [
              -49.0372,
              -25.269
            ],
            [
              -49.04,
              -25.2687
            ],
            [
              -49.0413,
              -25.2698
            ],
            [
              -49.0419,
              -25.2688
            ],
            [
              -49.0442,
              -25.2685
            ],
            [
              -49.0462,
              -25.269
            ],
            [
              -49.0467,
              -25.2681
            ],
            [
              -49.0482,
              -25.2672
            ],
            [
              -49.0501,
              -25.2671
            ],
            [
              -49.051,
              -25.2688
            ],
            [
              -49.0527,
              -25.2686
            ],
            [
              -49.0532,
              -25.2694
            ],
            [
              -49.0549,
              -25.2681
            ],
            [
              -49.0557,
              -25.2669
            ],
            [
              -49.0576,
              -25.2659
            ],
            [
              -49.0589,
              -25.2675
            ],
            [
              -49.0613,
              -25.2673
            ],
            [
              -49.0623,
              -25.2653
            ],
            [
              -49.0637,
              -25.2652
            ],
            [
              -49.0661,
              -25.2674
            ],
            [
              -49.0653,
              -25.2694
            ],
            [
              -49.0697,
              -25.2693
            ],
            [
              -49.0719,
              -25.2675
            ],
            [
              -49.0744,
              -25.2675
            ],
            [
              -49.0774,
              -25.2715
            ],
            [
              -49.0786,
              -25.2705
            ],
            [
              -49.0804,
              -25.2702
            ],
            [
              -49.0792,
              -25.2731
            ],
            [
              -49.0817,
              -25.2714
            ],
            [
              -49.0838,
              -25.2712
            ],
            [
              -49.085,
              -25.2738
            ],
            [
              -49.0861,
              -25.2744
            ],
            [
              -49.0865,
              -25.2756
            ],
            [
              -49.0889,
              -25.2762
            ],
            [
              -49.0904,
              -25.2773
            ],
            [
              -49.0922,
              -25.2773
            ],
            [
              -49.0939,
              -25.2751
            ],
            [
              -49.0969,
              -25.2754
            ],
            [
              -49.0984,
              -25.2767
            ],
            [
              -49.0999,
              -25.2772
            ],
            [
              -49.1001,
              -25.2783
            ],
            [
              -49.1015,
              -25.2788
            ],
            [
              -49.103,
              -25.2809
            ],
            [
              -49.1037,
              -25.281
            ],
            [
              -49.1053,
              -25.2794
            ],
            [
              -49.1077,
              -25.2793
            ],
            [
              -49.1102,
              -25.2803
            ],
            [
              -49.1121,
              -25.2828
            ],
            [
              -49.1126,
              -25.2858
            ],
            [
              -49.1143,
              -25.2895
            ],
            [
              -49.1145,
              -25.293
            ],
            [
              -49.1182,
              -25.296
            ],
            [
              -49.1202,
              -25.2969
            ],
            [
              -49.1228,
              -25.2996
            ],
            [
              -49.1328,
              -25.3355
            ],
            [
              -49.1349,
              -25.3382
            ],
            [
              -49.1355,
              -25.3408
            ],
            [
              -49.1341,
              -25.3444
            ],
            [
              -49.1319,
              -25.3471
            ],
            [
              -49.1306,
              -25.3503
            ],
            [
              -49.1283,
              -25.3522
            ],
            [
              -49.1264,
              -25.3527
            ],
            [
              -49.126,
              -25.3536
            ],
            [
              -49.1276,
              -25.3567
            ],
            [
              -49.1279,
              -25.3603
            ],
            [
              -49.1269,
              -25.3626
            ],
            [
              -49.1247,
              -25.3634
            ],
            [
              -49.1239,
              -25.3706
            ],
            [
              -49.1131,
              -25.3692
            ],
            [
              -49.1067,
              -25.3681
            ],
            [
              -49.0917,
              -25.3654
            ],
            [
              -49.0866,
              -25.3643
            ],
            [
              -49.0839,
              -25.3634
            ],
            [
              -49.078,
              -25.3609
            ],
            [
              -49.0677,
              -25.3562
            ],
            [
              -49.0609,
              -25.3518
            ],
            [
              -49.0591,
              -25.351
            ],
            [
              -49.0479,
              -25.3473
            ],
            [
              -49.0449,
              -25.3456
            ],
            [
              -49.0427,
              -25.3436
            ],
            [
              -49.0366,
              -25.3373
            ],
            [
              -49.0253,
              -25.3237
            ],
            [
              -49.0226,
              -25.3203
            ],
            [
              -49.0194,
              -25.3183
            ],
            [
              -49.0185,
              -25.317
            ],
            [
              -49.0165,
              -25.3125
            ],
            [
              -49.0145,
              -25.311
            ],
            [
              -49.0132,
              -25.3105
            ],
            [
              -49.009,
              -25.3102
            ],
            [
              -49.005,
              -25.3109
            ],
            [
              -49.0029,
              -25.3108
            ],
            [
              -48.9974,
              -25.3068
            ],
            [
              -48.995,
              -25.3059
            ],
            [
              -48.9817,
              -25.3079
            ],
            [
              -48.9805,
              -25.3078
            ],
            [
              -48.964,
              -25.3028
            ],
            [
              -48.963,
              -25.3028
            ],
            [
              -48.9519,
              -25.3049
            ],
            [
              -48.949,
              -25.3053
            ],
            [
              -48.9465,
              -25.305
            ],
            [
              -48.9418,
              -25.3093
            ],
            [
              -48.9381,
              -25.3099
            ],
            [
              -48.935,
              -25.3109
            ],
            [
              -48.9322,
              -25.313
            ],
            [
              -48.9263,
              -25.3212
            ],
            [
              -48.9193,
              -25.3253
            ],
            [
              -48.9184,
              -25.3271
            ],
            [
              -48.9115,
              -25.3323
            ],
            [
              -48.9094,
              -25.3332
            ],
            [
              -48.9064,
              -25.333
            ],
            [
              -48.9057,
              -25.3295
            ],
            [
              -48.9027,
              -25.3257
            ],
            [
              -48.9015,
              -25.322
            ],
            [
              -48.9017,
              -25.3198
            ],
            [
              -48.9053,
              -25.3167
            ],
            [
              -48.9044,
              -25.3149
            ],
            [
              -48.9029,
              -25.3141
            ],
            [
              -48.9043,
              -25.3106
            ],
            [
              -48.9057,
              -25.3093
            ],
            [
              -48.9025,
              -25.3064
            ],
            [
              -48.9045,
              -25.3023
            ],
            [
              -48.8996,
              -25.2965
            ],
            [
              -48.8981,
              -25.2953
            ],
            [
              -48.8956,
              -25.2959
            ],
            [
              -48.8947,
              -25.2956
            ],
            [
              -48.8934,
              -25.2934
            ],
            [
              -48.8904,
              -25.2927
            ],
            [
              -48.8888,
              -25.2911
            ],
            [
              -48.8869,
              -25.2913
            ],
            [
              -48.8845,
              -25.2903
            ],
            [
              -48.8821,
              -25.2928
            ],
            [
              -48.8791,
              -25.2933
            ],
            [
              -48.8739,
              -25.2962
            ],
            [
              -48.8726,
              -25.2976
            ],
            [
              -48.867,
              -25.3011
            ],
            [
              -48.8615,
              -25.3055
            ],
            [
              -48.8594,
              -25.3048
            ],
            [
              -48.8557,
              -25.3055
            ],
            [
              -48.8496,
              -25.3077
            ],
            [
              -48.846,
              -25.3097
            ],
            [
              -48.8449,
              -25.31
            ],
            [
              -48.8439,
              -25.3085
            ],
            [
              -48.8417,
              -25.3075
            ],
            [
              -48.8379,
              -25.3069
            ],
            [
              -48.8337,
              -25.3041
            ],
            [
              -48.8316,
              -25.304
            ],
            [
              -48.8306,
              -25.303
            ],
            [
              -48.832,
              -25.2987
            ],
            [
              -48.831,
              -25.2958
            ],
            [
              -48.8335,
              -25.2944
            ],
            [
              -48.8358,
              -25.2946
            ],
            [
              -48.8333,
              -25.2925
            ],
            [
              -48.8328,
              -25.2885
            ],
            [
              -48.8318,
              -25.2868
            ],
            [
              -48.8315,
              -25.285
            ],
            [
              -48.834,
              -25.2814
            ],
            [
              -48.8345,
              -25.2789
            ],
            [
              -48.8366,
              -25.2769
            ],
            [
              -48.8382,
              -25.2729
            ],
            [
              -48.8374,
              -25.2692
            ],
            [
              -48.8396,
              -25.2652
            ],
            [
              -48.8401,
              -25.2634
            ],
            [
              -48.8398,
              -25.2618
            ],
            [
              -48.8384,
              -25.2594
            ],
            [
              -48.8366,
              -25.258
            ],
            [
              -48.836,
              -25.2556
            ],
            [
              -48.8349,
              -25.2548
            ],
            [
              -48.8324,
              -25.2543
            ],
            [
              -48.8312,
              -25.253
            ],
            [
              -48.834,
              -25.2497
            ],
            [
              -48.8349,
              -25.2467
            ],
            [
              -48.8319,
              -25.2449
            ],
            [
              -48.8297,
              -25.2421
            ],
            [
              -48.8291,
              -25.2375
            ],
            [
              -48.8302,
              -25.2326
            ],
            [
              -48.8259,
              -25.2319
            ],
            [
              -48.8244,
              -25.2305
            ],
            [
              -48.8236,
              -25.2283
            ],
            [
              -48.8195,
              -25.2241
            ],
            [
              -48.8207,
              -25.2223
            ],
            [
              -48.8271,
              -25.2205
            ],
            [
              -48.8294,
              -25.2184
            ],
            [
              -48.8299,
              -25.217
            ],
            [
              -48.8298,
              -25.2008
            ],
            [
              -48.8314,
              -25.1963
            ],
            [
              -48.8333,
              -25.1933
            ],
            [
              -48.838,
              -25.1897
            ],
            [
              -48.8396,
              -25.1895
            ],
            [
              -48.8435,
              -25.1902
            ],
            [
              -48.8452,
              -25.1896
            ],
            [
              -48.8446,
              -25.1867
            ],
            [
              -48.8393,
              -25.1783
            ],
            [
              -48.8394,
              -25.176
            ],
            [
              -48.8449,
              -25.1695
            ],
            [
              -48.8455,
              -25.1678
            ],
            [
              -48.8456,
              -25.1633
            ],
            [
              -48.8401,
              -25.1573
            ],
            [
              -48.8384,
              -25.154
            ],
            [
              -48.8362,
              -25.1515
            ],
            [
              -48.83,
              -25.148
            ],
            [
              -48.8285,
              -25.1459
            ],
            [
              -48.8277,
              -25.1398
            ],
            [
              -48.8231,
              -25.1367
            ],
            [
              -48.8213,
              -25.1339
            ],
            [
              -48.8197,
              -25.1323
            ],
            [
              -48.8184,
              -25.132
            ],
            [
              -48.8115,
              -25.1333
            ],
            [
              -48.8034,
              -25.1332
            ],
            [
              -48.801,
              -25.132
            ],
            [
              -48.7965,
              -25.1288
            ],
            [
              -48.7933,
              -25.1282
            ],
            [
              -48.7903,
              -25.1282
            ],
            [
              -48.7848,
              -25.1263
            ],
            [
              -48.7824,
              -25.1247
            ],
            [
              -48.7802,
              -25.1222
            ],
            [
              -48.7789,
              -25.1164
            ],
            [
              -48.7777,
              -25.1146
            ],
            [
              -48.7738,
              -25.1117
            ],
            [
              -48.7731,
              -25.1094
            ],
            [
              -48.7713,
              -25.107
            ],
            [
              -48.77,
              -25.1059
            ],
            [
              -48.7659,
              -25.1045
            ],
            [
              -48.7657,
              -25.1031
            ],
            [
              -48.7694,
              -25.0993
            ],
            [
              -48.7696,
              -25.0971
            ],
            [
              -48.7634,
              -25.0946
            ],
            [
              -48.7622,
              -25.0938
            ],
            [
              -48.7605,
              -25.0916
            ],
            [
              -48.7585,
              -25.091
            ],
            [
              -48.757,
              -25.091
            ],
            [
              -48.754,
              -25.0927
            ],
            [
              -48.7528,
              -25.0927
            ],
            [
              -48.7509,
              -25.091
            ],
            [
              -48.7494,
              -25.0889
            ],
            [
              -48.7472,
              -25.091
            ],
            [
              -48.7422,
              -25.0906
            ],
            [
              -48.7401,
              -25.0916
            ],
            [
              -48.7381,
              -25.0917
            ],
            [
              -48.7353,
              -25.0934
            ],
            [
              -48.7334,
              -25.0925
            ],
            [
              -48.7307,
              -25.0895
            ],
            [
              -48.7292,
              -25.089
            ],
            [
              -48.7276,
              -25.0903
            ],
            [
              -48.7278,
              -25.0925
            ],
            [
              -48.7257,
              -25.0948
            ],
            [
              -48.7266,
              -25.0995
            ],
            [
              -48.7261,
              -25.1006
            ],
            [
              -48.7202,
              -25.1002
            ],
            [
              -48.7182,
              -25.1006
            ],
            [
              -48.7135,
              -25.1032
            ],
            [
              -48.7128,
              -25.1054
            ],
            [
              -48.7065,
              -25.1042
            ],
            [
              -48.7037,
              -25.1049
            ],
            [
              -48.7017,
              -25.1067
            ],
            [
              -48.7037,
              -25.1112
            ],
            [
              -48.7039,
              -25.113
            ],
            [
              -48.7019,
              -25.1127
            ],
            [
              -48.6999,
              -25.1133
            ],
            [
              -48.6976,
              -25.1164
            ],
            [
              -48.6914,
              -25.1184
            ],
            [
              -48.6885,
              -25.121
            ],
            [
              -48.6875,
              -25.119
            ],
            [
              -48.685,
              -25.1165
            ],
            [
              -48.6843,
              -25.1188
            ],
            [
              -48.6821,
              -25.1205
            ],
            [
              -48.682,
              -25.1221
            ],
            [
              -48.683,
              -25.124
            ],
            [
              -48.6828,
              -25.1273
            ],
            [
              -48.6836,
              -25.1315
            ],
            [
              -48.6841,
              -25.132
            ],
            [
              -48.683,
              -25.1347
            ],
            [
              -48.6842,
              -25.1369
            ],
            [
              -48.6845,
              -25.1383
            ],
            [
              -48.6837,
              -25.1392
            ],
            [
              -48.6836,
              -25.1426
            ],
            [
              -48.6829,
              -25.1441
            ],
            [
              -48.6797,
              -25.1462
            ],
            [
              -48.6744,
              -25.1447
            ],
            [
              -48.6736,
              -25.1427
            ],
            [
              -48.671,
              -25.1409
            ],
            [
              -48.668,
              -25.135
            ],
            [
              -48.6689,
              -25.1319
            ],
            [
              -48.6667,
              -25.1282
            ],
            [
              -48.6638,
              -25.1281
            ],
            [
              -48.6623,
              -25.1265
            ],
            [
              -48.6553,
              -25.1291
            ],
            [
              -48.6538,
              -25.1292
            ],
            [
              -48.6512,
              -25.1306
            ],
            [
              -48.65,
              -25.1306
            ],
            [
              -48.6485,
              -25.1297
            ],
            [
              -48.6468,
              -25.1297
            ],
            [
              -48.6435,
              -25.1309
            ],
            [
              -48.6435,
              -25.1302
            ],
            [
              -48.6455,
              -25.1273
            ],
            [
              -48.6458,
              -25.1259
            ],
            [
              -48.644,
              -25.1235
            ],
            [
              -48.6429,
              -25.1194
            ],
            [
              -48.6418,
              -25.1181
            ],
            [
              -48.6404,
              -25.118
            ],
            [
              -48.6342,
              -25.1201
            ],
            [
              -48.633,
              -25.1201
            ],
            [
              -48.628,
              -25.1188
            ],
            [
              -48.624,
              -25.1165
            ],
            [
              -48.6222,
              -25.1119
            ],
            [
              -48.6202,
              -25.1098
            ],
            [
              -48.6198,
              -25.1066
            ],
            [
              -48.6159,
              -25.1039
            ],
            [
              -48.6123,
              -25.0992
            ],
            [
              -48.6122,
              -25.0971
            ],
            [
              -48.6128,
              -25.0946
            ],
            [
              -48.6125,
              -25.0931
            ],
            [
              -48.6089,
              -25.093
            ],
            [
              -48.6079,
              -25.0926
            ],
            [
              -48.606,
              -25.0907
            ],
            [
              -48.6036,
              -25.0898
            ],
            [
              -48.6015,
              -25.0886
            ],
            [
              -48.5989,
              -25.0891
            ],
            [
              -48.5953,
              -25.091
            ],
            [
              -48.5925,
              -25.0892
            ],
            [
              -48.5871,
              -25.0873
            ],
            [
              -48.5847,
              -25.087
            ],
            [
              -48.581,
              -25.0848
            ],
            [
              -48.5777,
              -25.0837
            ],
            [
              -48.573,
              -25.0842
            ],
            [
              -48.572,
              -25.0848
            ],
            [
              -48.5716,
              -25.0863
            ],
            [
              -48.5691,
              -25.0894
            ],
            [
              -48.5633,
              -25.0951
            ],
            [
              -48.5612,
              -25.1005
            ],
            [
              -48.5611,
              -25.1059
            ],
            [
              -48.5577,
              -25.1068
            ],
            [
              -48.5565,
              -25.1077
            ],
            [
              -48.5533,
              -25.1072
            ],
            [
              -48.55,
              -25.109
            ],
            [
              -48.5488,
              -25.1088
            ],
            [
              -48.5461,
              -25.1074
            ],
            [
              -48.5438,
              -25.1056
            ],
            [
              -48.5452,
              -25.1022
            ],
            [
              -48.5453,
              -25.1005
            ],
            [
              -48.5476,
              -25.0977
            ],
            [
              -48.5496,
              -25.0966
            ],
            [
              -48.5511,
              -25.0942
            ],
            [
              -48.5548,
              -25.0903
            ],
            [
              -48.5565,
              -25.0881
            ],
            [
              -48.5573,
              -25.0862
            ],
            [
              -48.5563,
              -25.0843
            ],
            [
              -48.5575,
              -25.0823
            ],
            [
              -48.5584,
              -25.0793
            ],
            [
              -48.5599,
              -25.078
            ],
            [
              -48.5601,
              -25.0752
            ],
            [
              -48.5585,
              -25.0729
            ],
            [
              -48.5592,
              -25.0703
            ],
            [
              -48.5578,
              -25.0686
            ],
            [
              -48.5591,
              -25.067
            ],
            [
              -48.5579,
              -25.064
            ],
            [
              -48.5589,
              -25.0615
            ],
            [
              -48.5617,
              -25.0604
            ],
            [
              -48.562,
              -25.0589
            ],
            [
              -48.5653,
              -25.0583
            ],
            [
              -48.567,
              -25.0553
            ],
            [
              -48.569,
              -25.0543
            ],
            [
              -48.5688,
              -25.0521
            ],
            [
              -48.5698,
              -25.0508
            ],
            [
              -48.5735,
              -25.0509
            ],
            [
              -48.5796,
              -25.0531
            ],
            [
              -48.5827,
              -25.0516
            ],
            [
              -48.583,
              -25.05
            ],
            [
              -48.5814,
              -25.0493
            ],
            [
              -48.5807,
              -25.0468
            ],
            [
              -48.5824,
              -25.0423
            ],
            [
              -48.5838,
              -25.0416
            ],
            [
              -48.5834,
              -25.0384
            ],
            [
              -48.5817,
              -25.0359
            ],
            [
              -48.5815,
              -25.0349
            ],
            [
              -48.5844,
              -25.0323
            ],
            [
              -48.5857,
              -25.0303
            ],
            [
              -48.5896,
              -25.0297
            ],
            [
              -48.588,
              -25.0277
            ],
            [
              -48.5907,
              -25.0265
            ],
            [
              -48.5883,
              -25.0239
            ],
            [
              -48.5889,
              -25.0197
            ],
            [
              -48.59,
              -25.0193
            ],
            [
              -48.5918,
              -25.0199
            ],
            [
              -48.5953,
              -25.0187
            ],
            [
              -48.5982,
              -25.02
            ],
            [
              -48.5992,
              -25.0193
            ],
            [
              -48.5994,
              -25.0178
            ],
            [
              -48.5978,
              -25.0167
            ],
            [
              -48.5972,
              -25.0154
            ],
            [
              -48.5987,
              -25.0141
            ],
            [
              -48.5997,
              -25.0111
            ],
            [
              -48.6008,
              -25.0105
            ],
            [
              -48.6,
              -25.0061
            ],
            [
              -48.5989,
              -25.0052
            ],
            [
              -48.5981,
              -25.0033
            ]
          ]
        ]
      }
    },
    {
      "type": "Feature",
      "properties": {
        "codarea": "4104204",
        "name": "Campo Largo"
      },
      "geometry": {
        "type": "Polygon",
        "coordinates": [
          [
            [
              -49.3835,
              -25.4189
            ],
            [
              -49.4549,
              -25.3839
            ],
            [
              -49.4555,
              -25.3822
            ],
            [
              -49.4549,
              -25.3815
            ],
            [
              -49.4552,
              -25.3794
            ],
            [
              -49.4601,
              -25.3782
            ],
            [
              -49.461,
              -25.3775
            ],
            [
              -49.4636,
              -25.3775
            ],
            [
              -49.4668,
              -25.3764
            ],
            [
              -49.4698,
              -25.3767
            ],
            [
              -49.4709,
              -25.3747
            ],
            [
              -49.4705,
              -25.3713
            ],
            [
              -49.4737,
              -25.3682
            ],
            [
              -49.4711,
              -25.3677
            ],
            [
              -49.4696,
              -25.3659
            ],
            [
              -49.4681,
              -25.3662
            ],
            [
              -49.4676,
              -25.3639
            ],
            [
              -49.4682,
              -25.3632
            ],
            [
              -49.47,
              -25.3637
            ],
            [
              -49.4718,
              -25.3627
            ],
            [
              -49.4735,
              -25.3612
            ],
            [
              -49.4759,
              -25.36
            ],
            [
              -49.4778,
              -25.3599
            ],
            [
              -49.4799,
              -25.3579
            ],
            [
              -49.4806,
              -25.3565
            ],
            [
              -49.4786,
              -25.3553
            ],
            [
              -49.4759,
              -25.3525
            ],
            [
              -49.4764,
              -25.3514
            ],
            [
              -49.4785,
              -25.35
            ],
            [
              -49.4788,
              -25.3478
            ],
            [
              -49.4798,
              -25.3459
            ],
            [
              -49.478,
              -25.3447
            ],
            [
              -49.4775,
              -25.3412
            ],
            [
              -49.4778,
              -25.3388
            ],
            [
              -49.4763,
              -25.337
            ],
            [
              -49.4747,
              -25.3361
            ],
            [
              -49.4736,
              -25.3342
            ],
            [
              -49.4735,
              -25.3324
            ],
            [
              -49.4748,
              -25.3295
            ],
            [
              -49.4734,
              -25.327
            ],
            [
              -49.4734,
              -25.3259
            ],
            [
              -49.4763,
              -25.3236
            ],
            [
              -49.4766,
              -25.3213
            ],
            [
              -49.4788,
              -25.3205
            ],
            [
              -49.4785,
              -25.3188
            ],
            [
              -49.4791,
              -25.3183
            ],
            [
              -49.4811,
              -25.3187
            ],
            [
              -49.4814,
              -25.3169
            ],
            [
              -49.4831,
              -25.313
            ],
            [
              -49.4829,
              -25.3104
            ],
            [
              -49.4845,
              -25.3103
            ],
            [
              -49.4862,
              -25.3084
            ],
            [
              -49.487,
              -25.3089
            ],
            [
              -49.4888,
              -25.3075
            ],
            [
              -49.4904,
              -25.3075
            ],
            [
              -49.4912,
              -25.3052
            ],
            [
              -49.4927,
              -25.3043
            ],
            [
              -49.4948,
              -25.3007
            ],
            [
              -49.4984,
              -25.3006
            ],
            [
              -49.5017,
              -25.2981
            ],
            [
              -49.503,
              -25.2968
            ],
            [
              -49.5032,
              -25.2952
            ],
            [
              -49.5079,
              -25.2932
            ],
            [
              -49.5094,
              -25.2929
            ],
            [
              -49.5104,
              -25.2914
            ],
            [
              -49.5113,
              -25.2923
            ],
            [
              -49.5131,
              -25.2921
            ],
            [
              -49.5145,
              -25.293
            ],
            [
              -49.5168,
              -25.2916
            ],
            [
              -49.5178,
              -25.2885
            ],
            [
              -49.5199,
              -25.2886
            ],
            [
              -49.5205,
              -25.2859
            ],
            [
              -49.5212,
              -25.2852
            ],
            [
              -49.521,
              -25.2814
            ],
            [
              -49.5225,
              -25.2797
            ],
            [
              -49.5253,
              -25.2796
            ],
            [
              -49.5245,
              -25.2782
            ],
            [
              -49.5244,
              -25.2765
            ],
            [
              -49.5264,
              -25.2745
            ],
            [
              -49.528,
              -25.2745
            ],
            [
              -49.5293,
              -25.2732
            ],
            [
              -49.5282,
              -25.271
            ],
            [
              -49.5285,
              -25.2699
            ],
            [
              -49.5317,
              -25.2689
            ],
            [
              -49.5331,
              -25.2679
            ],
            [
              -49.5355,
              -25.2678
            ],
            [
              -49.5376,
              -25.2654
            ],
            [
              -49.5395,
              -25.2649
            ],
            [
              -49.5408,
              -25.2666
            ],
            [
              -49.5417,
              -25.2655
            ],
            [
              -49.5445,
              -25.2649
            ],
            [
              -49.5464,
              -25.2663
            ],
            [
              -49.5472,
              -25.2674
            ],
            [
              -49.5485,
              -25.2677
            ],
            [
              -49.5499,
              -25.2665
            ],
            [
              -49.5528,
              -25.2662
            ],
            [
              -49.5539,
              -25.2673
            ],
            [
              -49.5559,
              -25.2654
            ],
            [
              -49.5576,
              -25.2664
            ],
            [
              -49.5591,
              -25.265
            ],
            [
              -49.5605,
              -25.2628
            ],
            [
              -49.5615,
              -25.2626
            ],
            [
              -49.5619,
              -25.2609
            ],
            [
              -49.564,
              -25.2591
            ],
            [
              -49.5688,
              -25.2617
            ],
            [
              -49.5681,
              -25.2586
            ],
            [
              -49.5694,
              -25.2578
            ],
            [
              -49.5699,
              -25.2566
            ],
            [
              -49.5672,
              -25.2552
            ],
            [
              -49.5663,
              -25.2538
            ],
            [
              -49.566,
              -25.2523
            ],
            [
              -49.569,
              -25.2516
            ],
            [
              -49.5701,
              -25.2501
            ],
            [
              -49.5722,
              -25.2498
            ],
            [
              -49.5728,
              -25.2489
            ],
            [
              -49.5714,
              -25.2481
            ],
            [
              -49.5724,
              -25.2434
            ],
            [
              -49.5759,
              -25.2426
            ],
            [
              -49.5761,
              -25.242
            ],
            [
              -49.5742,
              -25.2385
            ],
            [
              -49.5746,
              -25.2373
            ],
            [
              -49.5746,
              -25.2348
            ],
            [
              -49.5734,
              -25.2334
            ],
            [
              -49.5752,
              -25.2327
            ],
            [
              -49.5758,
              -25.2336
            ],
            [
              -49.5778,
              -25.232
            ],
            [
              -49.575,
              -25.2274
            ],
            [
              -49.5754,
              -25.2244
            ],
            [
              -49.5733,
              -25.2216
            ],
            [
              -49.5734,
              -25.2203
            ],
            [
              -49.5715,
              -25.219
            ],
            [
              -49.573,
              -25.2172
            ],
            [
              -49.573,
              -25.2164
            ],
            [
              -49.5704,
              -25.2128
            ],
            [
              -49.5682,
              -25.2137
            ],
            [
              -49.5669,
              -25.213
            ],
            [
              -49.5662,
              -25.2118
            ],
            [
              -49.5679,
              -25.2099
            ],
            [
              -49.567,
              -25.2078
            ],
            [
              -49.5656,
              -25.2074
            ],
            [
              -49.5656,
              -25.2064
            ],
            [
              -49.5669,
              -25.2059
            ],
            [
              -49.5695,
              -25.2061
            ],
            [
              -49.5737,
              -25.2042
            ],
            [
              -49.5756,
              -25.202
            ],
            [
              -49.5734,
              -25.2007
            ],
            [
              -49.573,
              -25.1991
            ],
            [
              -49.5711,
              -25.1968
            ],
            [
              -49.5718,
              -25.1945
            ],
            [
              -49.5735,
              -25.1928
            ],
            [
              -49.5726,
              -25.1913
            ],
            [
              -49.5727,
              -25.19
            ],
            [
              -49.5713,
              -25.1879
            ],
            [
              -49.568,
              -25.1853
            ],
            [
              -49.5676,
              -25.1831
            ],
            [
              -49.5684,
              -25.1817
            ],
            [
              -49.5669,
              -25.18
            ],
            [
              -49.5653,
              -25.1811
            ],
            [
              -49.5621,
              -25.1806
            ],
            [
              -49.5617,
              -25.1797
            ],
            [
              -49.5624,
              -25.1774
            ],
            [
              -49.5626,
              -25.1754
            ],
            [
              -49.5603,
              -25.175
            ],
            [
              -49.5578,
              -25.1766
            ],
            [
              -49.5571,
              -25.1777
            ],
            [
              -49.5553,
              -25.1781
            ],
            [
              -49.5539,
              -25.176
            ],
            [
              -49.5542,
              -25.175
            ],
            [
              -49.557,
              -25.1737
            ],
            [
              -49.5623,
              -25.1709
            ],
            [
              -49.5625,
              -25.1699
            ],
            [
              -49.561,
              -25.1684
            ],
            [
              -49.5622,
              -25.1644
            ],
            [
              -49.5642,
              -25.162
            ],
            [
              -49.564,
              -25.1613
            ],
            [
              -49.5617,
              -25.1601
            ],
            [
              -49.5586,
              -25.1599
            ],
            [
              -49.559,
              -25.1583
            ],
            [
              -49.5617,
              -25.1572
            ],
            [
              -49.5634,
              -25.1553
            ],
            [
              -49.5642,
              -25.1531
            ],
            [
              -49.5633,
              -25.1512
            ],
            [
              -49.5627,
              -25.1489
            ],
            [
              -49.5612,
              -25.1495
            ],
            [
              -49.5606,
              -25.1477
            ],
            [
              -49.5653,
              -25.1466
            ],
            [
              -49.5668,
              -25.1457
            ],
            [
              -49.5693,
              -25.1433
            ],
            [
              -49.5717,
              -25.1429
            ],
            [
              -49.5722,
              -25.1418
            ],
            [
              -49.5755,
              -25.1387
            ],
            [
              -49.5749,
              -25.1353
            ],
            [
              -49.5739,
              -25.1343
            ],
            [
              -49.5724,
              -25.1343
            ],
            [
              -49.5703,
              -25.1352
            ],
            [
              -49.5706,
              -25.1332
            ],
            [
              -49.5718,
              -25.132
            ],
            [
              -49.5723,
              -25.1291
            ],
            [
              -49.5744,
              -25.1286
            ],
            [
              -49.5748,
              -25.1279
            ],
            [
              -49.5736,
              -25.1251
            ],
            [
              -49.5742,
              -25.1238
            ],
            [
              -49.5763,
              -25.1223
            ],
            [
              -49.5775,
              -25.1195
            ],
            [
              -49.5793,
              -25.1171
            ],
            [
              -49.5802,
              -25.1168
            ],
            [
              -49.5822,
              -25.1173
            ],
            [
              -49.5867,
              -25.1177
            ],
            [
              -49.5873,
              -25.117
            ],
            [
              -49.5868,
              -25.1148
            ],
            [
              -49.5844,
              -25.1134
            ],
            [
              -49.583,
              -25.1111
            ],
            [
              -49.5836,
              -25.1104
            ],
            [
              -49.5865,
              -25.1101
            ],
            [
              -49.5876,
              -25.1096
            ],
            [
              -49.5881,
              -25.1075
            ],
            [
              -49.5866,
              -25.106
            ],
            [
              -49.5871,
              -25.1039
            ],
            [
              -49.5908,
              -25.1032
            ],
            [
              -49.5932,
              -25.1017
            ],
            [
              -49.594,
              -25.098
            ],
            [
              -49.5951,
              -25.0958
            ],
            [
              -49.5961,
              -25.0923
            ],
            [
              -49.5981,
              -25.0911
            ],
            [
              -49.5994,
              -25.0892
            ],
            [
              -49.6009,
              -25.0887
            ],
            [
              -49.6017,
              -25.0875
            ],
            [
              -49.5969,
              -25.085
            ],
            [
              -49.5947,
              -25.0825
            ],
            [
              -49.593,
              -25.0811
            ],
            [
              -49.5891,
              -25.0803
            ],
            [
              -49.5878,
              -25.0792
            ],
            [
              -49.5875,
              -25.0779
            ],
            [
              -49.5883,
              -25.0764
            ],
            [
              -49.5894,
              -25.0761
            ],
            [
              -49.5911,
              -25.0745
            ],
            [
              -49.5917,
              -25.0729
            ],
            [
              -49.5901,
              -25.0717
            ],
            [
              -49.5859,
              -25.0737
            ],
            [
              -49.5823,
              -25.076
            ],
            [
              -49.5802,
              -25.0761
            ],
            [
              -49.58,
              -25.0742
            ],
            [
              -49.582,
              -25.0725
            ],
            [
              -49.5839,
              -25.069
            ],
            [
              -49.5836,
              -25.0676
            ],
            [
              -49.5815,
              -25.0671
            ],
            [
              -49.5791,
              -25.0677
            ],
            [
              -49.5774,
              -25.0673
            ],
            [
              -49.5775,
              -25.0652
            ],
            [
              -49.5793,
              -25.0637
            ],
            [
              -49.5789,
              -25.0606
            ],
            [
              -49.5769,
              -25.0604
            ],
            [
              -49.5752,
              -25.0623
            ],
            [
              -49.573,
              -25.0633
            ],
            [
              -49.5703,
              -25.0633
            ],
            [
              -49.5671,
              -25.0612
            ],
            [
              -49.5643,
              -25.0618
            ],
            [
              -49.5636,
              -25.0613
            ],
            [
              -49.5639,
              -25.0595
            ],
            [
              -49.5654,
              -25.0579
            ],
            [
              -49.5636,
              -25.0555
            ],
            [
              -49.563,
              -25.0537
            ],
            [
              -49.5609,
              -25.0508
            ],
            [
              -49.5584,
              -25.0494
            ],
            [
              -49.557,
              -25.05
            ],
            [
              -49.5561,
              -25.0491
            ],
            [
              -49.5534,
              -25.0508
            ],
            [
              -49.552,
              -25.051
            ],
            [
              -49.5504,
              -25.0487
            ],
            [
              -49.5483,
              -25.0474
            ],
            [
              -49.546,
              -25.0465
            ],
            [
              -49.5466,
              -25.0446
            ],
            [
              -49.5478,
              -25.0433
            ],
            [
              -49.5485,
              -25.0401
            ],
            [
              -49.5501,
              -25.0393
            ],
            [
              -49.5509,
              -25.0379
            ],
            [
              -49.5524,
              -25.0375
            ],
            [
              -49.5561,
              -25.0381
            ],
            [
              -49.5577,
              -25.0366
            ],
            [
              -49.5597,
              -25.0358
            ],
            [
              -49.561,
              -25.0363
            ],
            [
              -49.5624,
              -25.036
            ],
            [
              -49.5642,
              -25.0364
            ],
            [
              -49.5653,
              -25.0379
            ],
            [
              -49.5677,
              -25.0368
            ],
            [
              -49.5696,
              -25.0345
            ],
            [
              -49.5728,
              -25.033
            ],
            [
              -49.5749,
              -25.0298
            ],
            [
              -49.576,
              -25.029
            ],
            [
              -49.5776,
              -25.0269
            ],
            [
              -49.5774,
              -25.0256
            ],
            [
              -49.5782,
              -25.0246
            ],
            [
              -49.5823,
              -25.021
            ],
            [
              -49.5852,
              -25.0205
            ],
            [
              -49.5835,
              -25.019
            ],
            [
              -49.5839,
              -25.0167
            ],
            [
              -49.5852,
              -25.0163
            ],
            [
              -49.5871,
              -25.0166
            ],
            [
              -49.589,
              -25.0152
            ],
            [
              -49.5922,
              -25.0153
            ],
            [
              -49.5946,
              -25.0132
            ],
            [
              -49.5986,
              -25.0106
            ],
            [
              -49.5992,
              -25.0091
            ],
            [
              -49.5995,
              -25.0064
            ],
            [
              -49.5997,
              -25.0016
            ],
            [
              -49.6004,
              -25.0005
            ],
            [
              -49.6029,
              -24.9993
            ],
            [
              -49.6041,
              -24.997
            ],
            [
              -49.6052,
              -24.9924
            ],
            [
              -49.6054,
              -24.988
            ],
            [
              -49.6042,
              -24.9865
            ],
            [
              -49.6053,
              -24.9856
            ],
            [
              -49.6051,
              -24.9846
            ],
            [
              -49.608,
              -24.9829
            ],
            [
              -49.6063,
              -24.9814
            ],
            [
              -49.6062,
              -24.9802
            ],
            [
              -49.6079,
              -24.9788
            ],
            [
              -49.6097,
              -24.9792
            ],
            [
              -49.6107,
              -24.9786
            ],
            [
              -49.6132,
              -24.9795
            ],
            [
              -49.6168,
              -24.9799
            ],
            [
              -49.6186,
              -24.9838
            ],
            [
              -49.6187,
              -24.9848
            ],
            [
              -49.6208,
              -24.9873
            ],
            [
              -49.6231,
              -24.9882
            ],
            [
              -49.6231,
              -24.9897
            ],
            [
              -49.6238,
              -24.9914
            ],
            [
              -49.6273,
              -24.992
            ],
            [
              -49.6282,
              -24.9948
            ],
            [
              -49.63,
              -24.9976
            ],
            [
              -49.6318,
              -24.9986
            ],
            [
              -49.6323,
              -25.0
            ],
            [
              -49.6377,
              -25.0013
            ],
            [
              -49.6394,
              -25.0034
            ],
            [
              -49.6387,
              -25.0077
            ],
            [
              -49.6402,
              -25.0075
            ],
            [
              -49.6455,
              -25.0045
            ],
            [
              -49.6475,
              -25.0025
            ],
            [
              -49.6493,
              -25.0017
            ],
            [
              -49.6512,
              -25.0028
            ],
            [
              -49.6519,
              -25.0073
            ],
            [
              -49.6527,
              -25.0086
            ],
            [
              -49.6539,
              -25.0078
            ],
            [
              -49.6548,
              -25.0047
            ],
            [
              -49.6572,
              -25.0039
            ],
            [
              -49.6615,
              -25.0032
            ],
            [
              -49.6657,
              -25.0006
            ],
            [
              -49.6669,
              -24.999
            ],
            [
              -49.6682,
              -24.9992
            ],
            [
              -49.6689,
              -25.0006
            ],
            [
              -49.668,
              -25.0034
            ],
            [
              -49.6687,
              -25.0047
            ],
            [
              -49.671,
              -25.0059
            ],
            [
              -49.6744,
              -25.0061
            ],
            [
              -49.6761,
              -25.0067
            ],
            [
              -49.6766,
              -25.0096
            ],
            [
              -49.6777,
              -25.011
            ],
            [
              -49.6806,
              -25.0087
            ],
            [
              -49.6819,
              -25.0109
            ],
            [
              -49.6841,
              -25.0132
            ],
            [
              -49.685,
              -25.0157
            ],
            [
              -49.6891,
              -25.0181
            ],
            [
              -49.6939,
              -25.018
            ],
            [
              -49.6975,
              -25.0182
            ],
            [
              -49.6985,
              -25.0194
            ],
            [
              -49.6987,
              -25.0213
            ],
            [
              -49.7035,
              -25.019
            ],
            [
              -49.7052,
              -25.0198
            ],
            [
              -49.7061,
              -25.0214
            ],
            [
              -49.7103,
              -25.0204
            ],
            [
              -49.7122,
              -25.0215
            ],
            [
              -49.712,
              -25.0232
            ],
            [
              -49.7101,
              -25.0259
            ],
            [
              -49.7074,
              -25.0266
            ],
            [
              -49.7059,
              -25.0275
            ],
            [
              -49.7049,
              -25.0291
            ],
            [
              -49.7043,
              -25.0303
            ],
            [
              -49.7027,
              -25.0305
            ],
            [
              -49.7032,
              -25.0323
            ],
            [
              -49.7067,
              -25.0342
            ],
            [
              -49.7115,
              -25.0345
            ],
            [
              -49.7102,
              -25.0368
            ],
            [
              -49.7116,
              -25.0379
            ],
            [
              -49.7108,
              -25.0394
            ],
            [
              -49.7087,
              -25.0397
            ],
            [
              -49.7086,
              -25.0423
            ],
            [
              -49.7075,
              -25.0431
            ],
            [
              -49.7052,
              -25.0426
            ],
            [
              -49.7021,
              -25.0442
            ],
            [
              -49.7009,
              -25.0464
            ],
            [
              -49.7021,
              -25.0487
            ],
            [
              -49.7048,
              -25.0482
            ],
            [
              -49.7054,
              -25.0471
            ],
            [
              -49.7089,
              -25.0469
            ],
            [
              -49.7112,
              -25.0454
            ],
            [
              -49.7128,
              -25.0457
            ],
            [
              -49.7164,
              -25.051
            ],
            [
              -49.7159,
              -25.0526
            ],
            [
              -49.7138,
              -25.0537
            ],
            [
              -49.7131,
              -25.0551
            ],
            [
              -49.7127,
              -25.0581
            ],
            [
              -49.7129,
              -25.0601
            ],
            [
              -49.7151,
              -25.0604
            ],
            [
              -49.7178,
              -25.0588
            ],
            [
              -49.7184,
              -25.0575
            ],
            [
              -49.7197,
              -25.0587
            ],
            [
              -49.7195,
              -25.0611
            ],
            [
              -49.7206,
              -25.0633
            ],
            [
              -49.7223,
              -25.064
            ],
            [
              -49.7277,
              -25.0628
            ],
            [
              -49.7296,
              -25.0621
            ],
            [
              -49.7311,
              -25.0596
            ],
            [
              -49.7334,
              -25.0592
            ],
            [
              -49.7349,
              -25.0603
            ],
            [
              -49.7355,
              -25.0616
            ],
            [
              -49.7367,
              -25.0613
            ],
            [
              -49.7373,
              -25.0623
            ],
            [
              -49.7394,
              -25.0627
            ],
            [
              -49.7394,
              -25.0639
            ],
            [
              -49.7378,
              -25.0642
            ],
            [
              -49.737,
              -25.0652
            ],
            [
              -49.7383,
              -25.0682
            ],
            [
              -49.7393,
              -25.0697
            ],
            [
              -49.739,
              -25.0713
            ],
            [
              -49.7391,
              -25.0752
            ],
            [
              -49.7428,
              -25.0792
            ],
            [
              -49.741,
              -25.0809
            ],
            [
              -49.7412,
              -25.0828
            ],
            [
              -49.7383,
              -25.0812
            ],
            [
              -49.7387,
              -25.0828
            ],
            [
              -49.7383,
              -25.0847
            ],
            [
              -49.7364,
              -25.0859
            ],
            [
              -49.7361,
              -25.0883
            ],
            [
              -49.7355,
              -25.0895
            ],
            [
              -49.7376,
              -25.0896
            ],
            [
              -49.7381,
              -25.0913
            ],
            [
              -49.739,
              -25.092
            ],
            [
              -49.738,
              -25.0933
            ],
            [
              -49.7381,
              -25.0968
            ],
            [
              -49.736,
              -25.0993
            ],
            [
              -49.7396,
              -25.1023
            ],
            [
              -49.7383,
              -25.1041
            ],
            [
              -49.735,
              -25.1049
            ],
            [
              -49.7326,
              -25.1065
            ],
            [
              -49.7315,
              -25.1077
            ],
            [
              -49.7296,
              -25.1088
            ],
            [
              -49.7307,
              -25.1101
            ],
            [
              -49.7313,
              -25.1117
            ],
            [
              -49.7288,
              -25.1105
            ],
            [
              -49.728,
              -25.1116
            ],
            [
              -49.7303,
              -25.1132
            ],
            [
              -49.7311,
              -25.1152
            ],
            [
              -49.7285,
              -25.1157
            ],
            [
              -49.7281,
              -25.1182
            ],
            [
              -49.7293,
              -25.1205
            ],
            [
              -49.7282,
              -25.1216
            ],
            [
              -49.7316,
              -25.123
            ],
            [
              -49.7328,
              -25.1238
            ],
            [
              -49.7326,
              -25.125
            ],
            [
              -49.7316,
              -25.126
            ],
            [
              -49.7316,
              -25.1272
            ],
            [
              -49.7293,
              -25.13
            ],
            [
              -49.7272,
              -25.1314
            ],
            [
              -49.7279,
              -25.1324
            ],
            [
              -49.7264,
              -25.133
            ],
            [
              -49.7245,
              -25.1348
            ],
            [
              -49.7229,
              -25.1346
            ],
            [
              -49.7211,
              -25.1355
            ],
            [
              -49.7189,
              -25.1361
            ],
            [
              -49.7154,
              -25.1384
            ],
            [
              -49.7137,
              -25.1386
            ],
            [
              -49.7129,
              -25.1373
            ],
            [
              -49.7101,
              -25.1362
            ],
            [
              -49.7077,
              -25.1374
            ],
            [
              -49.7078,
              -25.1393
            ],
            [
              -49.7066,
              -25.1397
            ],
            [
              -49.7063,
              -25.1425
            ],
            [
              -49.7065,
              -25.1446
            ],
            [
              -49.705,
              -25.1473
            ],
            [
              -49.7001,
              -25.151
            ],
            [
              -49.6995,
              -25.1525
            ],
            [
              -49.6979,
              -25.1529
            ],
            [
              -49.6949,
              -25.155
            ],
            [
              -49.6927,
              -25.1553
            ],
            [
              -49.6918,
              -25.1572
            ],
            [
              -49.6902,
              -25.1583
            ],
            [
              -49.6883,
              -25.1589
            ],
            [
              -49.6873,
              -25.1603
            ],
            [
              -49.6881,
              -25.1624
            ],
            [
              -49.6848,
              -25.1638
            ],
            [
              -49.6827,
              -25.1653
            ],
            [
              -49.6829,
              -25.167
            ],
            [
              -49.6822,
              -25.1681
            ],
            [
              -49.6806,
              -25.1677
            ],
            [
              -49.6797,
              -25.1708
            ],
            [
              -49.681,
              -25.1714
            ],
            [
              -49.6818,
              -25.1736
            ],
            [
              -49.6812,
              -25.176
            ],
            [
              -49.6814,
              -25.1778
            ],
            [
              -49.6822,
              -25.1794
            ],
            [
              -49.6844,
              -25.1818
            ],
            [
              -49.6853,
              -25.1822
            ],
            [
              -49.6851,
              -25.1837
            ],
            [
              -49.687,
              -25.1865
            ],
            [
              -49.6884,
              -25.1874
            ],
            [
              -49.6896,
              -25.1895
            ],
            [
              -49.6896,
              -25.1907
            ],
            [
              -49.692,
              -25.1922
            ],
            [
              -49.6929,
              -25.1945
            ],
            [
              -49.6957,
              -25.1964
            ],
            [
              -49.6983,
              -25.1965
            ],
            [
              -49.7,
              -25.1978
            ],
            [
              -49.7009,
              -25.201
            ],
            [
              -49.703,
              -25.2008
            ],
            [
              -49.7063,
              -25.2051
            ],
            [
              -49.7086,
              -25.2054
            ],
            [
              -49.7111,
              -25.2099
            ],
            [
              -49.7118,
              -25.2134
            ],
            [
              -49.7114,
              -25.2149
            ],
            [
              -49.7122,
              -25.2174
            ],
            [
              -49.7153,
              -25.2183
            ],
            [
              -49.7172,
              -25.2197
            ],
            [
              -49.7183,
              -25.2209
            ],
            [
              -49.7241,
              -25.2218
            ],
            [
              -49.7277,
              -25.2241
            ],
            [
              -49.7308,
              -25.2244
            ],
            [
              -49.7333,
              -25.2229
            ],
            [
              -49.7353,
              -25.2206
            ],
            [
              -49.7368,
              -25.2198
            ],
            [
              -49.7397,
              -25.2192
            ],
            [
              -49.7416,
              -25.2197
            ],
            [
              -49.744,
              -25.2194
            ],
            [
              -49.7459,
              -25.2212
            ],
            [
              -49.7482,
              -25.22
            ],
            [
              -49.7527,
              -25.217
            ],
            [
              -49.7542,
              -25.218
            ],
            [
              -49.7557,
              -25.2166
            ],
            [
              -49.7585,
              -25.2114
            ],
            [
              -49.7607,
              -25.21
            ],
            [
              -49.7628,
              -25.2062
            ],
            [
              -49.7641,
              -25.2052
            ],
            [
              -49.7692,
              -25.2025
            ],
            [
              -49.7695,
              -25.1981
            ],
            [
              -49.7707,
              -25.1968
            ],
            [
              -49.773,
              -25.1954
            ],
            [
              -49.7778,
              -25.1939
            ],
            [
              -49.7809,
              -25.1941
            ],
            [
              -49.784,
              -25.1952
            ],
            [
              -49.7905,
              -25.1982
            ],
            [
              -49.7913,
              -25.199
            ],
            [
              -49.794,
              -25.2003
            ],
            [
              -49.7959,
              -25.2031
            ],
            [
              -49.7953,
              -25.2072
            ],
            [
              -49.7966,
              -25.2087
            ],
            [
              -49.7977,
              -25.2134
            ],
            [
              -49.7992,
              -25.2154
            ],
            [
              -49.8016,
              -25.2162
            ],
            [
              -49.8056,
              -25.2158
            ],
            [
              -49.8073,
              -25.2159
            ],
            [
              -49.8099,
              -25.2166
            ],
            [
              -49.8118,
              -25.2181
            ],
            [
              -49.8135,
              -25.22
            ],
            [
              -49.8159,
              -25.2253
            ],
            [
              -49.8173,
              -25.2263
            ],
            [
              -49.8206,
              -25.2262
            ],
            [
              -49.8254,
              -25.2251
            ],
            [
              -49.8287,
              -25.2248
            ],
            [
              -49.8321,
              -25.2253
            ],
            [
              -49.838,
              -25.2277
            ],
            [
              -49.8402,
              -25.2295
            ],
            [
              -49.8456,
              -25.232
            ],
            [
              -49.8492,
              -25.2339
            ],
            [
              -49.8509,
              -25.2341
            ],
            [
              -49.8547,
              -25.2333
            ],
            [
              -49.8568,
              -25.2339
            ],
            [
              -49.8558,
              -25.2361
            ],
            [
              -49.853,
              -25.2387
            ],
            [
              -49.8504,
              -25.2407
            ],
            [
              -49.8489,
              -25.2435
            ],
            [
              -49.8488,
              -25.2468
            ],
            [
              -49.8481,
              -25.2483
            ],
            [
              -49.8431,
              -25.2541
            ],
            [
              -49.8396,
              -25.2565
            ],
            [
              -49.8334,
              -25.2596
            ],
            [
              -49.8299,
              -25.261
            ],
            [
              -49.8278,
              -25.2623
            ],
            [
              -49.8268,
              -25.2635
            ],
            [
              -49.8265,
              -25.2669
            ],
            [
              -49.8249,
              -25.2677
            ],
            [
              -49.8218,
              -25.2683
            ],
            [
              -49.8197,
              -25.2701
            ],
            [
              -49.7966,
              -25.3043
            ],
            [
              -49.7584,
              -25.3613
            ],
            [
              -49.7566,
              -25.3606
            ],
            [
              -49.7423,
              -25.3551
            ],
            [
              -49.7437,
              -25.3569
            ],
            [
              -49.7433,
              -25.3587
            ],
            [
              -49.7405,
              -25.3618
            ],
            [
              -49.7369,
              -25.3622
            ],
            [
              -49.7355,
              -25.3639
            ],
            [
              -49.7366,
              -25.3674
            ],
            [
              -49.7385,
              -25.3695
            ],
            [
              -49.7388,
              -25.3703
            ],
            [
              -49.7381,
              -25.3722
            ],
            [
              -49.7384,
              -25.3737
            ],
            [
              -49.74,
              -25.3771
            ],
            [
              -49.7399,
              -25.3795
            ],
            [
              -49.738,
              -25.3822
            ],
            [
              -49.7377,
              -25.384
            ],
            [
              -49.739,
              -25.3884
            ],
            [
              -49.739,
              -25.3917
            ],
            [
              -49.7385,
              -25.3931
            ],
            [
              -49.7353,
              -25.394
            ],
            [
              -49.733,
              -25.3943
            ],
            [
              -49.7279,
              -25.3936
            ],
            [
              -49.7258,
              -25.3939
            ],
            [
              -49.7179,
              -25.3971
            ],
            [
              -49.7151,
              -25.3995
            ],
            [
              -49.715,
              -25.4015
            ],
            [
              -49.7161,
              -25.4039
            ],
            [
              -49.7185,
              -25.4054
            ],
            [
              -49.7245,
              -25.4078
            ],
            [
              -49.7279,
              -25.4102
            ],
            [
              -49.728,
              -25.4118
            ],
            [
              -49.7274,
              -25.4153
            ],
            [
              -49.728,
              -25.4176
            ],
            [
              -49.7291,
              -25.4203
            ],
            [
              -49.729,
              -25.4217
            ],
            [
              -49.7283,
              -25.4232
            ],
            [
              -49.7265,
              -25.4249
            ],
            [
              -49.7239,
              -25.4258
            ],
            [
              -49.7225,
              -25.427
            ],
            [
              -49.7224,
              -25.4289
            ],
            [
              -49.7232,
              -25.4306
            ],
            [
              -49.7228,
              -25.4324
            ],
            [
              -49.7212,
              -25.4335
            ],
            [
              -49.7184,
              -25.4335
            ],
            [
              -49.7155,
              -25.4321
            ],
            [
              -49.7065,
              -25.4307
            ],
            [
              -49.705,
              -25.43
            ],
            [
              -49.7035,
              -25.4301
            ],
            [
              -49.702,
              -25.4316
            ],
            [
              -49.7005,
              -25.4338
            ],
            [
              -49.698,
              -25.4361
            ],
            [
              -49.6963,
              -25.437
            ],
            [
              -49.6928,
              -25.4379
            ],
            [
              -49.6902,
              -25.438
            ],
            [
              -49.6896,
              -25.4395
            ],
            [
              -49.6916,
              -25.44
            ],
            [
              -49.6942,
              -25.4396
            ],
            [
              -49.6966,
              -25.4412
            ],
            [
              -49.6973,
              -25.4433
            ],
            [
              -49.7005,
              -25.445
            ],
            [
              -49.7023,
              -25.4464
            ],
            [
              -49.7035,
              -25.4505
            ],
            [
              -49.7032,
              -25.4528
            ],
            [
              -49.7038,
              -25.4586
            ],
            [
              -49.7038,
              -25.4609
            ],
            [
              -49.7062,
              -25.468
            ],
            [
              -49.7071,
              -25.4696
            ],
            [
              -49.7092,
              -25.4706
            ],
            [
              -49.7116,
              -25.4739
            ],
            [
              -49.7114,
              -25.4751
            ],
            [
              -49.7094,
              -25.4761
            ],
            [
              -49.7017,
              -25.4732
            ],
            [
              -49.6985,
              -25.4716
            ],
            [
              -49.693,
              -25.467
            ],
            [
              -49.6907,
              -25.4664
            ],
            [
              -49.6886,
              -25.4664
            ],
            [
              -49.6869,
              -25.4672
            ],
            [
              -49.6854,
              -25.4701
            ],
            [
              -49.6823,
              -25.4706
            ],
            [
              -49.6783,
              -25.4682
            ],
            [
              -49.6769,
              -25.4661
            ],
            [
              -49.6758,
              -25.4659
            ],
            [
              -49.674,
              -25.4673
            ],
            [
              -49.6676,
              -25.4699
            ],
            [
              -49.6652,
              -25.4703
            ],
            [
              -49.6626,
              -25.4699
            ],
            [
              -49.6569,
              -25.4679
            ],
            [
              -49.6551,
              -25.4677
            ],
            [
              -49.6506,
              -25.4695
            ],
            [
              -49.6484,
              -25.47
            ],
            [
              -49.6463,
              -25.4697
            ],
            [
              -49.6455,
              -25.4689
            ],
            [
              -49.6434,
              -25.4646
            ],
            [
              -49.6432,
              -25.4634
            ],
            [
              -49.6404,
              -25.4612
            ],
            [
              -49.6381,
              -25.4603
            ],
            [
              -49.6355,
              -25.4603
            ],
            [
              -49.6348,
              -25.4595
            ],
            [
              -49.6314,
              -25.4596
            ],
            [
              -49.6297,
              -25.4593
            ],
            [
              -49.6283,
              -25.4599
            ],
            [
              -49.6271,
              -25.4596
            ],
            [
              -49.623,
              -25.4608
            ],
            [
              -49.623,
              -25.4599
            ],
            [
              -49.6216,
              -25.4589
            ],
            [
              -49.6194,
              -25.4615
            ],
            [
              -49.6174,
              -25.459
            ],
            [
              -49.6157,
              -25.4589
            ],
            [
              -49.615,
              -25.4574
            ],
            [
              -49.6148,
              -25.4552
            ],
            [
              -49.6136,
              -25.4543
            ],
            [
              -49.6134,
              -25.4532
            ],
            [
              -49.6117,
              -25.4514
            ],
            [
              -49.6105,
              -25.4516
            ],
            [
              -49.6089,
              -25.4508
            ],
            [
              -49.6055,
              -25.4511
            ],
            [
              -49.6028,
              -25.4485
            ],
            [
              -49.6002,
              -25.4517
            ],
            [
              -49.5993,
              -25.4548
            ],
            [
              -49.5986,
              -25.4554
            ],
            [
              -49.595,
              -25.4551
            ],
            [
              -49.5933,
              -25.4553
            ],
            [
              -49.5919,
              -25.4561
            ],
            [
              -49.5888,
              -25.4568
            ],
            [
              -49.5883,
              -25.4593
            ],
            [
              -49.586,
              -25.4591
            ],
            [
              -49.5848,
              -25.4549
            ],
            [
              -49.5827,
              -25.4557
            ],
            [
              -49.5822,
              -25.4572
            ],
            [
              -49.5832,
              -25.458
            ],
            [
              -49.583,
              -25.4598
            ],
            [
              -49.5823,
              -25.4611
            ],
            [
              -49.5808,
              -25.4608
            ],
            [
              -49.5793,
              -25.4612
            ],
            [
              -49.5767,
              -25.4609
            ],
            [
              -49.5762,
              -25.4588
            ],
            [
              -49.5751,
              -25.4591
            ],
            [
              -49.5743,
              -25.4615
            ],
            [
              -49.5746,
              -25.463
            ],
            [
              -49.5737,
              -25.4649
            ],
            [
              -49.5748,
              -25.4667
            ],
            [
              -49.5771,
              -25.4673
            ],
            [
              -49.5764,
              -25.4685
            ],
            [
              -49.5768,
              -25.4698
            ],
            [
              -49.5809,
              -25.4725
            ],
            [
              -49.5824,
              -25.4756
            ],
            [
              -49.5847,
              -25.4775
            ],
            [
              -49.5834,
              -25.4781
            ],
            [
              -49.5841,
              -25.4803
            ],
            [
              -49.5832,
              -25.4825
            ],
            [
              -49.5855,
              -25.4824
            ],
            [
              -49.5857,
              -25.4863
            ],
            [
              -49.5866,
              -25.4879
            ],
            [
              -49.588,
              -25.4885
            ],
            [
              -49.5878,
              -25.4901
            ],
            [
              -49.5884,
              -25.4921
            ],
            [
              -49.5899,
              -25.4938
            ],
            [
              -49.5915,
              -25.4939
            ],
            [
              -49.5917,
              -25.495
            ],
            [
              -49.5937,
              -25.495
            ],
            [
              -49.5948,
              -25.4971
            ],
            [
              -49.5962,
              -25.499
            ],
            [
              -49.595,
              -25.5013
            ],
            [
              -49.593,
              -25.502
            ],
            [
              -49.5917,
              -25.503
            ],
            [
              -49.5911,
              -25.5064
            ],
            [
              -49.5897,
              -25.507
            ],
            [
              -49.5907,
              -25.5089
            ],
            [
              -49.5901,
              -25.5095
            ],
            [
              -49.591,
              -25.5112
            ],
            [
              -49.5899,
              -25.5145
            ],
            [
              -49.5888,
              -25.5157
            ],
            [
              -49.5892,
              -25.5173
            ],
            [
              -49.5888,
              -25.5185
            ],
            [
              -49.5869,
              -25.5194
            ],
            [
              -49.5827,
              -25.5146
            ],
            [
              -49.5812,
              -25.5145
            ],
            [
              -49.5794,
              -25.5169
            ],
            [
              -49.5768,
              -25.5181
            ],
            [
              -49.5761,
              -25.5202
            ],
            [
              -49.5722,
              -25.5267
            ],
            [
              -49.5701,
              -25.5281
            ],
            [
              -49.5695,
              -25.5272
            ],
            [
              -49.565,
              -25.5265
            ],
            [
              -49.5654,
              -25.5302
            ],
            [
              -49.5656,
              -25.5338
            ],
            [
              -49.5665,
              -25.536
            ],
            [
              -49.5665,
              -25.5411
            ],
            [
              -49.5676,
              -25.5438
            ],
            [
              -49.567,
              -25.5448
            ],
            [
              -49.5646,
              -25.5456
            ],
            [
              -49.5634,
              -25.5471
            ],
            [
              -49.5637,
              -25.5483
            ],
            [
              -49.5612,
              -25.5485
            ],
            [
              -49.559,
              -25.5507
            ],
            [
              -49.5565,
              -25.5509
            ],
            [
              -49.5538,
              -25.5541
            ],
            [
              -49.5526,
              -25.5526
            ],
            [
              -49.5531,
              -25.5517
            ],
            [
              -49.5517,
              -25.5508
            ],
            [
              -49.5504,
              -25.5491
            ],
            [
              -49.5506,
              -25.5478
            ],
            [
              -49.5522,
              -25.5477
            ],
            [
              -49.5512,
              -25.5455
            ],
            [
              -49.5521,
              -25.5447
            ],
            [
              -49.5511,
              -25.5425
            ],
            [
              -49.5533,
              -25.5421
            ],
            [
              -49.5529,
              -25.5411
            ],
            [
              -49.5506,
              -25.5399
            ],
            [
              -49.5488,
              -25.5403
            ],
            [
              -49.548,
              -25.5384
            ],
            [
              -49.5449,
              -25.5379
            ],
            [
              -49.5443,
              -25.5367
            ],
            [
              -49.5422,
              -25.5351
            ],
            [
              -49.5405,
              -25.5332
            ],
            [
              -49.5391,
              -25.5334
            ],
            [
              -49.539,
              -25.5314
            ],
            [
              -49.5376,
              -25.5317
            ],
            [
              -49.5351,
              -25.5304
            ],
            [
              -49.5346,
              -25.5294
            ],
            [
              -49.533,
              -25.5287
            ],
            [
              -49.5315,
              -25.5304
            ],
            [
              -49.5294,
              -25.5295
            ],
            [
              -49.5295,
              -25.5287
            ],
            [
              -49.528,
              -25.527
            ],
            [
              -49.5274,
              -25.5254
            ],
            [
              -49.525,
              -25.5252
            ],
            [
              -49.5229,
              -25.5194
            ],
            [
              -49.5209,
              -25.5176
            ],
            [
              -49.5198,
              -25.5201
            ],
            [
              -49.517,
              -25.519
            ],
            [
              -49.5158,
              -25.5157
            ],
            [
              -49.5148,
              -25.5171
            ],
            [
              -49.5135,
              -25.5173
            ],
            [
              -49.5137,
              -25.5142
            ],
            [
              -49.5111,
              -25.5107
            ],
            [
              -49.5081,
              -25.5115
            ],
            [
              -49.5054,
              -25.5103
            ],
            [
              -49.5046,
              -25.509
            ],
            [
              -49.5032,
              -25.5086
            ],
            [
              -49.5015,
              -25.5062
            ],
            [
              -49.5013,
              -25.5011
            ],
            [
              -49.4999,
              -25.5007
            ],
            [
              -49.498,
              -25.5012
            ],
            [
              -49.4958,
              -25.5005
            ],
            [
              -49.4936,
              -25.5004
            ],
            [
              -49.4925,
              -25.4997
            ],
            [
              -49.4905,
              -25.5009
            ],
            [
              -49.4876,
              -25.5
            ],
            [
              -49.4862,
              -25.4985
            ],
            [
              -49.4858,
              -25.4966
            ],
            [
              -49.4868,
              -25.4946
            ],
            [
              -49.4846,
              -25.4931
            ],
            [
              -49.4834,
              -25.4929
            ],
            [
              -49.4825,
              -25.4914
            ],
            [
              -49.48,
              -25.4899
            ],
            [
              -49.4778,
              -25.4877
            ],
            [
              -49.4745,
              -25.486
            ],
            [
              -49.4728,
              -25.4859
            ],
            [
              -49.4714,
              -25.487
            ],
            [
              -49.4698,
              -25.4862
            ],
            [
              -49.4701,
              -25.4846
            ],
            [
              -49.4688,
              -25.4843
            ],
            [
              -49.4695,
              -25.4828
            ],
            [
              -49.4669,
              -25.4817
            ],
            [
              -49.4636,
              -25.4822
            ],
            [
              -49.4633,
              -25.4839
            ],
            [
              -49.4599,
              -25.4866
            ],
            [
              -49.4551,
              -25.4853
            ],
            [
              -49.4538,
              -25.4856
            ],
            [
              -49.4523,
              -25.4867
            ],
            [
              -49.4498,
              -25.487
            ],
            [
              -49.4473,
              -25.4861
            ],
            [
              -49.4445,
              -25.4858
            ],
            [
              -49.4439,
              -25.4867
            ],
            [
              -49.4425,
              -25.4859
            ],
            [
              -49.4431,
              -25.4834
            ],
            [
              -49.4404,
              -25.483
            ],
            [
              -49.4387,
              -25.4816
            ],
            [
              -49.4379,
              -25.4798
            ],
            [
              -49.4359,
              -25.4806
            ],
            [
              -49.4309,
              -25.4805
            ],
            [
              -49.4281,
              -25.4807
            ],
            [
              -49.4255,
              -25.4822
            ],
            [
              -49.4245,
              -25.4832
            ],
            [
              -49.4237,
              -25.4865
            ],
            [
              -49.4225,
              -25.4887
            ],
            [
              -49.4213,
              -25.4899
            ],
            [
              -49.4046,
              -25.4926
            ],
            [
              -49.4012,
              -25.4928
            ],
            [
              -49.3994,
              -25.4959
            ],
            [
              -49.3955,
              -25.4973
            ],
            [
              -49.3946,
              -25.4986
            ],
            [
              -49.3922,
              -25.4976
            ],
            [
              -49.3888,
              -25.4971
            ],
            [
              -49.3873,
              -25.5001
            ],
            [
              -49.3855,
              -25.5008
            ],
            [
              -49.3839,
              -25.5032
            ],
            [
              -49.3817,
              -25.5075
            ],
            [
              -49.3809,
              -25.5105
            ],
            [
              -49.3813,
              -25.5123
            ],
            [
              -49.3808,
              -25.5144
            ],
            [
              -49.3785,
              -25.5141
            ],
            [
              -49.3778,
              -25.5146
            ],
            [
              -49.3756,
              -25.5143
            ],
            [
              -49.3745,
              -25.5134
            ],
            [
              -49.3727,
              -25.5125
            ],
            [
              -49.374,
              -25.5111
            ],
            [
              -49.3744,
              -25.5092
            ],
            [
              -49.3739,
              -25.5078
            ],
            [
              -49.3744,
              -25.5041
            ],
            [
              -49.3719,
              -25.5005
            ],
            [
              -49.3725,
              -25.5
            ],
            [
              -49.3721,
              -25.497
            ],
            [
              -49.3748,
              -25.4937
            ],
            [
              -49.3771,
              -25.4934
            ],
            [
              -49.3795,
              -25.4925
            ],
            [
              -49.3791,
              -25.4903
            ],
            [
              -49.3809,
              -25.4892
            ],
            [
              -49.381,
              -25.4872
            ],
            [
              -49.3818,
              -25.4863
            ],
            [
              -49.3834,
              -25.4858
            ],
            [
              -49.3834,
              -25.4819
            ],
            [
              -49.3842,
              -25.4799
            ],
            [
              -49.3834,
              -25.4796
            ],
            [
              -49.3821,
              -25.4775
            ],
            [
              -49.3845,
              -25.474
            ],
            [
              -49.3838,
              -25.472
            ],
            [
              -49.3847,
              -25.4714
            ],
            [
              -49.3826,
              -25.4694
            ],
            [
              -49.3854,
              -25.4668
            ],
            [
              -49.3843,
              -25.4659
            ],
            [
              -49.3856,
              -25.4647
            ],
            [
              -49.3861,
              -25.4618
            ],
            [
              -49.3837,
              -25.4609
            ],
            [
              -49.3826,
              -25.4579
            ],
            [
              -49.3833,
              -25.4549
            ],
            [
              -49.382,
              -25.4542
            ],
            [
              -49.3818,
              -25.4524
            ],
            [
              -49.3837,
              -25.4514
            ],
            [
              -49.3837,
              -25.4494
            ],
            [
              -49.3863,
              -25.4468
            ],
            [
              -49.3873,
              -25.444
            ],
            [
              -49.3883,
              -25.4436
            ],
            [
              -49.3888,
              -25.4417
            ],
            [
              -49.3871,
              -25.4415
            ],
            [
              -49.3875,
              -25.4402
            ],
            [
              -49.3872,
              -25.4382
            ],
            [
              -49.3879,
              -25.4356
            ],
            [
              -49.3891,
              -25.4345
            ],
            [
              -49.3876,
              -25.4324
            ],
            [
              -49.3893,
              -25.4293
            ],
            [
              -49.3881,
              -25.4275
            ],
            [
              -49.3853,
              -25.427
            ],
            [
              -49.3846,
              -25.4253
            ],
            [
              -49.3858,
              -25.4236
            ],
            [
              -49.3846,
              -25.4218
            ],
            [
              -49.3828,
              -25.4218
            ],
            [
              -49.382,
              -25.4211
            ],
            [
              -49.3835,
              -25.4189
            ]
          ]
        ]
      }
    },
    {
      "type": "Feature",
      "properties": {
        "codarea": "4104253",
        "name": "Campo Magro"
      },
      "geometry": {
        "type": "Polygon",
        "coordinates": [
          [
            [
              -49.5553,
              -25.1781
            ],
            [
              -49.5571,
              -25.1777
            ],
            [
              -49.5578,
              -25.1766
            ],
            [
              -49.5603,
              -25.175
            ],
            [
              -49.5626,
              -25.1754
            ],
            [
              -49.5624,
              -25.1774
            ],
            [
              -49.5617,
              -25.1797
            ],
            [
              -49.5621,
              -25.1806
            ],
            [
              -49.5653,
              -25.1811
            ],
            [
              -49.5669,
              -25.18
            ],
            [
              -49.5684,
              -25.1817
            ],
            [
              -49.5676,
              -25.1831
            ],
            [
              -49.568,
              -25.1853
            ],
            [
              -49.5713,
              -25.1879
            ],
            [
              -49.5727,
              -25.19
            ],
            [
              -49.5726,
              -25.1913
            ],
            [
              -49.5735,
              -25.1928
            ],
            [
              -49.5718,
              -25.1945
            ],
            [
              -49.5711,
              -25.1968
            ],
            [
              -49.573,
              -25.1991
            ],
            [
              -49.5734,
              -25.2007
            ],
            [
              -49.5756,
              -25.202
            ],
            [
              -49.5737,
              -25.2042
            ],
            [
              -49.5695,
              -25.2061
            ],
            [
              -49.5669,
              -25.2059
            ],
            [
              -49.5656,
              -25.2064
            ],
            [
              -49.5656,
              -25.2074
            ],
            [
              -49.567,
              -25.2078
            ],
            [
              -49.5679,
              -25.2099
            ],
            [
              -49.5662,
              -25.2118
            ],
            [
              -49.5669,
              -25.213
            ],
            [
              -49.5682,
              -25.2137
            ],
            [
              -49.5704,
              -25.2128
            ],
            [
              -49.573,
              -25.2164
            ],
            [
              -49.573,
              -25.2172
            ],
            [
              -49.5715,
              -25.219
            ],
            [
              -49.5734,
              -25.2203
            ],
            [
              -49.5733,
              -25.2216
            ],
            [
              -49.5754,
              -25.2244
            ],
            [
              -49.575,
              -25.2274
            ],
            [
              -49.5778,
              -25.232
            ],
            [
              -49.5758,
              -25.2336
            ],
            [
              -49.5752,
              -25.2327
            ],
            [
              -49.5734,
              -25.2334
            ],
            [
              -49.5746,
              -25.2348
            ],
            [
              -49.5746,
              -25.2373
            ],
            [
              -49.5742,
              -25.2385
            ],
            [
              -49.5761,
              -25.242
            ],
            [
              -49.5759,
              -25.2426
            ],
            [
              -49.5724,
              -25.2434
            ],
            [
              -49.5714,
              -25.2481
            ],
            [
              -49.5728,
              -25.2489
            ],
            [
              -49.5722,
              -25.2498
            ],
            [
              -49.5701,
              -25.2501
            ],
            [
              -49.569,
              -25.2516
            ],
            [
              -49.566,
              -25.2523
            ],
            [
              -49.5663,
              -25.2538
            ],
            [
              -49.5672,
              -25.2552
            ],
            [
              -49.5699,
              -25.2566
            ],
            [
              -49.5694,
              -25.2578
            ],
            [
              -49.5681,
              -25.2586
            ],
            [
              -49.5688,
              -25.2617
            ],
            [
              -49.564,
              -25.2591
            ],
            [
              -49.5619,
              -25.2609
            ],
            [
              -49.5615,
              -25.2626
            ],
            [
              -49.5605,
              -25.2628
            ],
            [
              -49.5591,
              -25.265
            ],
            [
              -49.5576,
              -25.2664
            ],
            [
              -49.5559,
              -25.2654
            ],
            [
              -49.5539,
              -25.2673
            ],
            [
              -49.5528,
              -25.2662
            ],
            [
              -49.5499,
              -25.2665
            ],
            [
              -49.5485,
              -25.2677
            ],
            [
              -49.5472,
              -25.2674
            ],
            [
              -49.5464,
              -25.2663
            ],
            [
              -49.5445,
              -25.2649
            ],
            [
              -49.5417,
              -25.2655
            ],
            [
              -49.5408,
              -25.2666
            ],
            [
              -49.5395,
              -25.2649
            ],
            [
              -49.5376,
              -25.2654
            ],
            [
              -49.5355,
              -25.2678
            ],
            [
              -49.5331,
              -25.2679
            ],
            [
              -49.5317,
              -25.2689
            ],
            [
              -49.5285,
              -25.2699
            ],
            [
              -49.5282,
              -25.271
            ],
            [
              -49.5293,
              -25.2732
            ],
            [
              -49.528,
              -25.2745
            ],
            [
              -49.5264,
              -25.2745
            ],
            [
              -49.5244,
              -25.2765
            ],
            [
              -49.5245,
              -25.2782
            ],
            [
              -49.5253,
              -25.2796
            ],
            [
              -49.5225,
              -25.2797
            ],
            [
              -49.521,
              -25.2814
            ],
            [
              -49.5212,
              -25.2852
            ],
            [
              -49.5205,
              -25.2859
            ],
            [
              -49.5199,
              -25.2886
            ],
            [
              -49.5178,
              -25.2885
            ],
            [
              -49.5168,
              -25.2916
            ],
            [
              -49.5145,
              -25.293
            ],
            [
              -49.5131,
              -25.2921
            ],
            [
              -49.5113,
              -25.2923
            ],
            [
              -49.5104,
              -25.2914
            ],
            [
              -49.5094,
              -25.2929
            ],
            [
              -49.5079,
              -25.2932
            ],
            [
              -49.5032,
              -25.2952
            ],
            [
              -49.503,
              -25.2968
            ],
            [
              -49.5017,
              -25.2981
            ],
            [
              -49.4984,
              -25.3006
            ],
            [
              -49.4948,
              -25.3007
            ],
            [
              -49.4927,
              -25.3043
            ],
            [
              -49.4912,
              -25.3052
            ],
            [
              -49.4904,
              -25.3075
            ],
            [
              -49.4888,
              -25.3075
            ],
            [
              -49.487,
              -25.3089
            ],
            [
              -49.4862,
              -25.3084
            ],
            [
              -49.4845,
              -25.3103
            ],
            [
              -49.4829,
              -25.3104
            ],
            [
              -49.4831,
              -25.313
            ],
            [
              -49.4814,
              -25.3169
            ],
            [
              -49.4811,
              -25.3187
            ],
            [
              -49.4791,
              -25.3183
            ],
            [
              -49.4785,
              -25.3188
            ],
            [
              -49.4788,
              -25.3205
            ],
            [
              -49.4766,
              -25.3213
            ],
            [
              -49.4763,
              -25.3236
            ],
            [
              -49.4734,
              -25.3259
            ],
            [
              -49.4734,
              -25.327
            ],
            [
              -49.4748,
              -25.3295
            ],
            [
              -49.4735,
              -25.3324
            ],
            [
              -49.4736,
              -25.3342
            ],
            [
              -49.4747,
              -25.3361
            ],
            [
              -49.4763,
              -25.337
            ],
            [
              -49.4778,
              -25.3388
            ],
            [
              -49.4775,
              -25.3412
            ],
            [
              -49.478,
              -25.3447
            ],
            [
              -49.4798,
              -25.3459
            ],
            [
              -49.4788,
              -25.3478
            ],
            [
              -49.4785,
              -25.35
            ],
            [
              -49.4764,
              -25.3514
            ],
            [
              -49.4759,
              -25.3525
            ],
            [
              -49.4786,
              -25.3553
            ],
            [
              -49.4806,
              -25.3565
            ],
            [
              -49.4799,
              -25.3579
            ],
            [
              -49.4778,
              -25.3599
            ],
            [
              -49.4759,
              -25.36
            ],
            [
              -49.4735,
              -25.3612
            ],
            [
              -49.4718,
              -25.3627
            ],
            [
              -49.47,
              -25.3637
            ],
            [
              -49.4682,
              -25.3632
            ],
            [
              -49.4676,
              -25.3639
            ],
            [
              -49.4681,
              -25.3662
            ],
            [
              -49.4696,
              -25.3659
            ],
            [
              -49.4711,
              -25.3677
            ],
            [
              -49.4737,
              -25.3682
            ],
            [
              -49.4705,
              -25.3713
            ],
            [
              -49.4709,
              -25.3747
            ],
            [
              -49.4698,
              -25.3767
            ],
            [
              -49.4668,
              -25.3764
            ],
            [
              -49.4636,
              -25.3775
            ],
            [
              -49.461,
              -25.3775
            ],
            [
              -49.4601,
              -25.3782
            ],
            [
              -49.4552,
              -25.3794
            ],
            [
              -49.4549,
              -25.3815
            ],
            [
              -49.4555,
              -25.3822
            ],
            [
              -49.4549,
              -25.3839
            ],
            [
              -49.3835,
              -25.4189
            ],
            [
              -49.3818,
              -25.4183
            ],
            [
              -49.3804,
              -25.4154
            ],
            [
              -49.3787,
              -25.4155
            ],
            [
              -49.3784,
              -25.4132
            ],
            [
              -49.3766,
              -25.412
            ],
            [
              -49.3776,
              -25.4107
            ],
            [
              -49.3774,
              -25.4088
            ],
            [
              -49.3755,
              -25.4089
            ],
            [
              -49.3758,
              -25.4074
            ],
            [
              -49.3752,
              -25.4066
            ],
            [
              -49.3766,
              -25.405
            ],
            [
              -49.3764,
              -25.4039
            ],
            [
              -49.3745,
              -25.4019
            ],
            [
              -49.3751,
              -25.4002
            ],
            [
              -49.3736,
              -25.3994
            ],
            [
              -49.3743,
              -25.3984
            ],
            [
              -49.3736,
              -25.3973
            ],
            [
              -49.3724,
              -25.3976
            ],
            [
              -49.3683,
              -25.3963
            ],
            [
              -49.3672,
              -25.3968
            ],
            [
              -49.3654,
              -25.3953
            ],
            [
              -49.364,
              -25.3948
            ],
            [
              -49.3643,
              -25.3924
            ],
            [
              -49.364,
              -25.3908
            ],
            [
              -49.3628,
              -25.3889
            ],
            [
              -49.3598,
              -25.3868
            ],
            [
              -49.3603,
              -25.3844
            ],
            [
              -49.3594,
              -25.3833
            ],
            [
              -49.3581,
              -25.3838
            ],
            [
              -49.3549,
              -25.3834
            ],
            [
              -49.3546,
              -25.3815
            ],
            [
              -49.3525,
              -25.3804
            ],
            [
              -49.351,
              -25.3787
            ],
            [
              -49.3496,
              -25.3781
            ],
            [
              -49.3478,
              -25.3759
            ],
            [
              -49.3485,
              -25.3748
            ],
            [
              -49.3484,
              -25.3734
            ],
            [
              -49.3492,
              -25.3725
            ],
            [
              -49.3464,
              -25.371
            ],
            [
              -49.3457,
              -25.3693
            ],
            [
              -49.3458,
              -25.3655
            ],
            [
              -49.3443,
              -25.3656
            ],
            [
              -49.3433,
              -25.3642
            ],
            [
              -49.3438,
              -25.3619
            ],
            [
              -49.3433,
              -25.3606
            ],
            [
              -49.3416,
              -25.3602
            ],
            [
              -49.3428,
              -25.3587
            ],
            [
              -49.3415,
              -25.3565
            ],
            [
              -49.3418,
              -25.3551
            ],
            [
              -49.3409,
              -25.3529
            ],
            [
              -49.3413,
              -25.3508
            ],
            [
              -49.3402,
              -25.3495
            ],
            [
              -49.3407,
              -25.3473
            ],
            [
              -49.3427,
              -25.3448
            ],
            [
              -49.3466,
              -25.3446
            ],
            [
              -49.3497,
              -25.3429
            ],
            [
              -49.351,
              -25.3426
            ],
            [
              -49.3514,
              -25.3415
            ],
            [
              -49.3532,
              -25.3417
            ],
            [
              -49.3542,
              -25.3411
            ],
            [
              -49.3559,
              -25.3418
            ],
            [
              -49.3569,
              -25.3436
            ],
            [
              -49.3591,
              -25.3434
            ],
            [
              -49.3602,
              -25.3421
            ],
            [
              -49.3628,
              -25.3412
            ],
            [
              -49.3659,
              -25.3421
            ],
            [
              -49.3684,
              -25.3418
            ],
            [
              -49.3693,
              -25.3425
            ],
            [
              -49.3716,
              -25.3423
            ],
            [
              -49.3742,
              -25.3396
            ],
            [
              -49.3811,
              -25.3386
            ],
            [
              -49.3819,
              -25.3367
            ],
            [
              -49.3835,
              -25.3346
            ],
            [
              -49.3846,
              -25.334
            ],
            [
              -49.3884,
              -25.3335
            ],
            [
              -49.3896,
              -25.3323
            ],
            [
              -49.3899,
              -25.3304
            ],
            [
              -49.3906,
              -25.3294
            ],
            [
              -49.393,
              -25.3284
            ],
            [
              -49.3966,
              -25.3258
            ],
            [
              -49.3972,
              -25.3234
            ],
            [
              -49.3972,
              -25.3202
            ],
            [
              -49.3948,
              -25.32
            ],
            [
              -49.393,
              -25.318
            ],
            [
              -49.3914,
              -25.3169
            ],
            [
              -49.3896,
              -25.3173
            ],
            [
              -49.3883,
              -25.3153
            ],
            [
              -49.3863,
              -25.3158
            ],
            [
              -49.3848,
              -25.3147
            ],
            [
              -49.3848,
              -25.3135
            ],
            [
              -49.3836,
              -25.312
            ],
            [
              -49.3826,
              -25.3098
            ],
            [
              -49.3851,
              -25.309
            ],
            [
              -49.3873,
              -25.3099
            ],
            [
              -49.3885,
              -25.3099
            ],
            [
              -49.3921,
              -25.308
            ],
            [
              -49.3951,
              -25.3072
            ],
            [
              -49.3999,
              -25.3043
            ],
            [
              -49.4029,
              -25.3013
            ],
            [
              -49.4061,
              -25.2969
            ],
            [
              -49.4052,
              -25.2924
            ],
            [
              -49.4066,
              -25.2914
            ],
            [
              -49.407,
              -25.2894
            ],
            [
              -49.41,
              -25.2847
            ],
            [
              -49.4098,
              -25.2812
            ],
            [
              -49.4101,
              -25.2786
            ],
            [
              -49.4092,
              -25.2762
            ],
            [
              -49.4094,
              -25.2742
            ],
            [
              -49.4118,
              -25.2715
            ],
            [
              -49.4129,
              -25.2716
            ],
            [
              -49.4187,
              -25.2687
            ],
            [
              -49.4172,
              -25.2678
            ],
            [
              -49.416,
              -25.2654
            ],
            [
              -49.4171,
              -25.2644
            ],
            [
              -49.4207,
              -25.2642
            ],
            [
              -49.4257,
              -25.263
            ],
            [
              -49.4264,
              -25.2614
            ],
            [
              -49.4283,
              -25.2613
            ],
            [
              -49.4308,
              -25.2604
            ],
            [
              -49.4311,
              -25.2589
            ],
            [
              -49.4328,
              -25.257
            ],
            [
              -49.432,
              -25.2557
            ],
            [
              -49.4324,
              -25.2533
            ],
            [
              -49.4343,
              -25.2522
            ],
            [
              -49.4371,
              -25.2523
            ],
            [
              -49.4397,
              -25.2513
            ],
            [
              -49.44,
              -25.2494
            ],
            [
              -49.4408,
              -25.2479
            ],
            [
              -49.4465,
              -25.2449
            ],
            [
              -49.4493,
              -25.244
            ],
            [
              -49.4522,
              -25.2438
            ],
            [
              -49.4522,
              -25.2422
            ],
            [
              -49.4508,
              -25.2412
            ],
            [
              -49.4506,
              -25.2396
            ],
            [
              -49.4517,
              -25.238
            ],
            [
              -49.4507,
              -25.2352
            ],
            [
              -49.4491,
              -25.2345
            ],
            [
              -49.4474,
              -25.2319
            ],
            [
              -49.4457,
              -25.2307
            ],
            [
              -49.447,
              -25.2281
            ],
            [
              -49.4516,
              -25.2259
            ],
            [
              -49.4534,
              -25.2244
            ],
            [
              -49.4558,
              -25.2213
            ],
            [
              -49.454,
              -25.2196
            ],
            [
              -49.453,
              -25.2175
            ],
            [
              -49.4516,
              -25.2158
            ],
            [
              -49.4512,
              -25.2145
            ],
            [
              -49.452,
              -25.2135
            ],
            [
              -49.4508,
              -25.2127
            ],
            [
              -49.449,
              -25.2102
            ],
            [
              -49.4484,
              -25.2074
            ],
            [
              -49.4489,
              -25.2056
            ],
            [
              -49.4516,
              -25.2027
            ],
            [
              -49.4506,
              -25.2026
            ],
            [
              -49.4495,
              -25.2013
            ],
            [
              -49.4506,
              -25.1999
            ],
            [
              -49.4521,
              -25.2002
            ],
            [
              -49.4538,
              -25.1997
            ],
            [
              -49.4534,
              -25.1982
            ],
            [
              -49.4551,
              -25.1971
            ],
            [
              -49.4557,
              -25.1956
            ],
            [
              -49.4579,
              -25.1947
            ],
            [
              -49.4614,
              -25.1954
            ],
            [
              -49.4622,
              -25.1948
            ],
            [
              -49.463,
              -25.1919
            ],
            [
              -49.4616,
              -25.1894
            ],
            [
              -49.4627,
              -25.1875
            ],
            [
              -49.4641,
              -25.1869
            ],
            [
              -49.4656,
              -25.1874
            ],
            [
              -49.4667,
              -25.1846
            ],
            [
              -49.4704,
              -25.1836
            ],
            [
              -49.4732,
              -25.1803
            ],
            [
              -49.4743,
              -25.1805
            ],
            [
              -49.4739,
              -25.1822
            ],
            [
              -49.4757,
              -25.183
            ],
            [
              -49.4773,
              -25.1818
            ],
            [
              -49.4786,
              -25.1827
            ],
            [
              -49.4801,
              -25.1823
            ],
            [
              -49.4818,
              -25.18
            ],
            [
              -49.4833,
              -25.1817
            ],
            [
              -49.4843,
              -25.1819
            ],
            [
              -49.4875,
              -25.1841
            ],
            [
              -49.4882,
              -25.1851
            ],
            [
              -49.4878,
              -25.1865
            ],
            [
              -49.4895,
              -25.1875
            ],
            [
              -49.4894,
              -25.1889
            ],
            [
              -49.4906,
              -25.1908
            ],
            [
              -49.4926,
              -25.1923
            ],
            [
              -49.4909,
              -25.1935
            ],
            [
              -49.4918,
              -25.1949
            ],
            [
              -49.4908,
              -25.1977
            ],
            [
              -49.4925,
              -25.1971
            ],
            [
              -49.4988,
              -25.1966
            ],
            [
              -49.5002,
              -25.1959
            ],
            [
              -49.5015,
              -25.1968
            ],
            [
              -49.5028,
              -25.1953
            ],
            [
              -49.504,
              -25.1948
            ],
            [
              -49.5044,
              -25.1936
            ],
            [
              -49.5036,
              -25.1916
            ],
            [
              -49.5052,
              -25.1912
            ],
            [
              -49.5083,
              -25.1886
            ],
            [
              -49.5101,
              -25.1865
            ],
            [
              -49.5115,
              -25.1843
            ],
            [
              -49.5156,
              -25.1822
            ],
            [
              -49.5172,
              -25.1826
            ],
            [
              -49.5189,
              -25.1818
            ],
            [
              -49.5203,
              -25.1794
            ],
            [
              -49.5231,
              -25.1791
            ],
            [
              -49.5236,
              -25.1801
            ],
            [
              -49.5215,
              -25.1824
            ],
            [
              -49.5224,
              -25.184
            ],
            [
              -49.5238,
              -25.184
            ],
            [
              -49.5255,
              -25.1848
            ],
            [
              -49.5263,
              -25.1823
            ],
            [
              -49.5261,
              -25.1795
            ],
            [
              -49.5281,
              -25.1785
            ],
            [
              -49.53,
              -25.1799
            ],
            [
              -49.5311,
              -25.1788
            ],
            [
              -49.5327,
              -25.1781
            ],
            [
              -49.5351,
              -25.1765
            ],
            [
              -49.5354,
              -25.1787
            ],
            [
              -49.5369,
              -25.1789
            ],
            [
              -49.538,
              -25.1777
            ],
            [
              -49.5418,
              -25.1767
            ],
            [
              -49.5442,
              -25.1756
            ],
            [
              -49.5456,
              -25.1769
            ],
            [
              -49.5485,
              -25.1785
            ],
            [
              -49.5524,
              -25.1791
            ],
            [
              -49.5553,
              -25.1781
            ]
          ]
        ]
      }
    },
    {
      "type": "Feature",
      "properties": {
        "codarea": "4105805",
        "name": "Colombo"
      },
      "geometry": {
        "type": "Polygon",
        "coordinates": [
          [
            [
              -49.2295,
              -25.3498
            ],
            [
              -49.2288,
              -25.3513
            ],
            [
              -49.229,
              -25.3526
            ],
            [
              -49.2241,
              -25.3561
            ],
            [
              -49.2237,
              -25.357
            ],
            [
              -49.2245,
              -25.3585
            ],
            [
              -49.2227,
              -25.3597
            ],
            [
              -49.2224,
              -25.3637
            ],
            [
              -49.2213,
              -25.3641
            ],
            [
              -49.2191,
              -25.3639
            ],
            [
              -49.2185,
              -25.3625
            ],
            [
              -49.2168,
              -25.3615
            ],
            [
              -49.2129,
              -25.3615
            ],
            [
              -49.2115,
              -25.3634
            ],
            [
              -49.2075,
              -25.3659
            ],
            [
              -49.2069,
              -25.3705
            ],
            [
              -49.2087,
              -25.3722
            ],
            [
              -49.2093,
              -25.3739
            ],
            [
              -49.2081,
              -25.3771
            ],
            [
              -49.2055,
              -25.3766
            ],
            [
              -49.206,
              -25.3786
            ],
            [
              -49.2054,
              -25.3814
            ],
            [
              -49.2042,
              -25.3821
            ],
            [
              -49.202,
              -25.3817
            ],
            [
              -49.1985,
              -25.378
            ],
            [
              -49.1975,
              -25.3772
            ],
            [
              -49.196,
              -25.3773
            ],
            [
              -49.1948,
              -25.3795
            ],
            [
              -49.1952,
              -25.382
            ],
            [
              -49.1943,
              -25.3835
            ],
            [
              -49.1946,
              -25.3876
            ],
            [
              -49.1935,
              -25.3903
            ],
            [
              -49.192,
              -25.3898
            ],
            [
              -49.183,
              -25.3931
            ],
            [
              -49.1808,
              -25.3937
            ],
            [
              -49.1637,
              -25.3924
            ],
            [
              -49.1614,
              -25.3918
            ],
            [
              -49.1446,
              -25.3891
            ],
            [
              -49.1415,
              -25.389
            ],
            [
              -49.139,
              -25.3869
            ],
            [
              -49.1356,
              -25.3845
            ],
            [
              -49.1346,
              -25.3831
            ],
            [
              -49.1312,
              -25.3828
            ],
            [
              -49.1238,
              -25.381
            ],
            [
              -49.1199,
              -25.3784
            ],
            [
              -49.1221,
              -25.3729
            ],
            [
              -49.1239,
              -25.3706
            ],
            [
              -49.1247,
              -25.3634
            ],
            [
              -49.1269,
              -25.3626
            ],
            [
              -49.1279,
              -25.3603
            ],
            [
              -49.1276,
              -25.3567
            ],
            [
              -49.126,
              -25.3536
            ],
            [
              -49.1264,
              -25.3527
            ],
            [
              -49.1283,
              -25.3522
            ],
            [
              -49.1306,
              -25.3503
            ],
            [
              -49.1319,
              -25.3471
            ],
            [
              -49.1341,
              -25.3444
            ],
            [
              -49.1355,
              -25.3408
            ],
            [
              -49.1349,
              -25.3382
            ],
            [
              -49.1328,
              -25.3355
            ],
            [
              -49.1228,
              -25.2996
            ],
            [
              -49.1202,
              -25.2969
            ],
            [
              -49.1182,
              -25.296
            ],
            [
              -49.1145,
              -25.293
            ],
            [
              -49.1143,
              -25.2895
            ],
            [
              -49.1126,
              -25.2858
            ],
            [
              -49.1121,
              -25.2828
            ],
            [
              -49.1102,
              -25.2803
            ],
            [
              -49.1077,
              -25.2793
            ],
            [
              -49.1053,
              -25.2794
            ],
            [
              -49.1037,
              -25.281
            ],
            [
              -49.103,
              -25.2809
            ],
            [
              -49.1015,
              -25.2788
            ],
            [
              -49.1001,
              -25.2783
            ],
            [
              -49.0999,
              -25.2772
            ],
            [
              -49.0984,
              -25.2767
            ],
            [
              -49.0969,
              -25.2754
            ],
            [
              -49.0939,
              -25.2751
            ],
            [
              -49.094,
              -25.2741
            ],
            [
              -49.0922,
              -25.2727
            ],
            [
              -49.0965,
              -25.2716
            ],
            [
              -49.0965,
              -25.2701
            ],
            [
              -49.0985,
              -25.27
            ],
            [
              -49.1003,
              -25.2668
            ],
            [
              -49.1026,
              -25.2663
            ],
            [
              -49.1024,
              -25.2644
            ],
            [
              -49.1055,
              -25.2643
            ],
            [
              -49.1057,
              -25.2654
            ],
            [
              -49.1088,
              -25.2678
            ],
            [
              -49.1088,
              -25.2692
            ],
            [
              -49.11,
              -25.2703
            ],
            [
              -49.1096,
              -25.2712
            ],
            [
              -49.1112,
              -25.2719
            ],
            [
              -49.1116,
              -25.2731
            ],
            [
              -49.1147,
              -25.2731
            ],
            [
              -49.1161,
              -25.2726
            ],
            [
              -49.1173,
              -25.2741
            ],
            [
              -49.1189,
              -25.2738
            ],
            [
              -49.1193,
              -25.2747
            ],
            [
              -49.123,
              -25.2782
            ],
            [
              -49.1248,
              -25.2778
            ],
            [
              -49.1274,
              -25.2754
            ],
            [
              -49.1285,
              -25.2748
            ],
            [
              -49.1301,
              -25.2724
            ],
            [
              -49.1292,
              -25.2705
            ],
            [
              -49.1294,
              -25.2685
            ],
            [
              -49.1319,
              -25.2666
            ],
            [
              -49.1329,
              -25.2667
            ],
            [
              -49.1357,
              -25.268
            ],
            [
              -49.1367,
              -25.2698
            ],
            [
              -49.1387,
              -25.2674
            ],
            [
              -49.1397,
              -25.2651
            ],
            [
              -49.1407,
              -25.2646
            ],
            [
              -49.1415,
              -25.2676
            ],
            [
              -49.144,
              -25.2675
            ],
            [
              -49.1489,
              -25.2692
            ],
            [
              -49.1496,
              -25.2684
            ],
            [
              -49.1486,
              -25.2671
            ],
            [
              -49.1477,
              -25.2676
            ],
            [
              -49.1463,
              -25.2668
            ],
            [
              -49.1472,
              -25.2656
            ],
            [
              -49.1466,
              -25.2645
            ],
            [
              -49.1491,
              -25.2636
            ],
            [
              -49.1493,
              -25.263
            ],
            [
              -49.1516,
              -25.2623
            ],
            [
              -49.1534,
              -25.2585
            ],
            [
              -49.1516,
              -25.2576
            ],
            [
              -49.152,
              -25.254
            ],
            [
              -49.1497,
              -25.2515
            ],
            [
              -49.148,
              -25.2511
            ],
            [
              -49.1478,
              -25.2498
            ],
            [
              -49.1464,
              -25.2491
            ],
            [
              -49.1455,
              -25.2475
            ],
            [
              -49.1472,
              -25.2468
            ],
            [
              -49.1506,
              -25.2429
            ],
            [
              -49.1534,
              -25.2425
            ],
            [
              -49.1551,
              -25.2402
            ],
            [
              -49.1574,
              -25.2394
            ],
            [
              -49.1592,
              -25.2372
            ],
            [
              -49.1626,
              -25.239
            ],
            [
              -49.1665,
              -25.2395
            ],
            [
              -49.1692,
              -25.2408
            ],
            [
              -49.1721,
              -25.2398
            ],
            [
              -49.1736,
              -25.24
            ],
            [
              -49.1755,
              -25.2387
            ],
            [
              -49.1772,
              -25.2386
            ],
            [
              -49.1774,
              -25.2369
            ],
            [
              -49.1792,
              -25.2376
            ],
            [
              -49.1837,
              -25.2366
            ],
            [
              -49.1847,
              -25.2371
            ],
            [
              -49.1872,
              -25.2354
            ],
            [
              -49.1914,
              -25.2337
            ],
            [
              -49.1965,
              -25.2333
            ],
            [
              -49.197,
              -25.2328
            ],
            [
              -49.2038,
              -25.2312
            ],
            [
              -49.2066,
              -25.2314
            ],
            [
              -49.2074,
              -25.2319
            ],
            [
              -49.2101,
              -25.2319
            ],
            [
              -49.214,
              -25.2314
            ],
            [
              -49.2198,
              -25.2313
            ],
            [
              -49.222,
              -25.2305
            ],
            [
              -49.2251,
              -25.2307
            ],
            [
              -49.2261,
              -25.2314
            ],
            [
              -49.2296,
              -25.2308
            ],
            [
              -49.2317,
              -25.23
            ],
            [
              -49.2342,
              -25.2324
            ],
            [
              -49.2363,
              -25.231
            ],
            [
              -49.2359,
              -25.2282
            ],
            [
              -49.2371,
              -25.2275
            ],
            [
              -49.2384,
              -25.2258
            ],
            [
              -49.2397,
              -25.2264
            ],
            [
              -49.2406,
              -25.2279
            ],
            [
              -49.2419,
              -25.2282
            ],
            [
              -49.2424,
              -25.2297
            ],
            [
              -49.2436,
              -25.2302
            ],
            [
              -49.2442,
              -25.2322
            ],
            [
              -49.2458,
              -25.2338
            ],
            [
              -49.2514,
              -25.2343
            ],
            [
              -49.2537,
              -25.2339
            ],
            [
              -49.2538,
              -25.2348
            ],
            [
              -49.2523,
              -25.2366
            ],
            [
              -49.2525,
              -25.2381
            ],
            [
              -49.2515,
              -25.239
            ],
            [
              -49.2527,
              -25.2405
            ],
            [
              -49.2554,
              -25.2402
            ],
            [
              -49.2562,
              -25.2428
            ],
            [
              -49.2571,
              -25.2435
            ],
            [
              -49.2574,
              -25.2449
            ],
            [
              -49.259,
              -25.2447
            ],
            [
              -49.261,
              -25.247
            ],
            [
              -49.2646,
              -25.2481
            ],
            [
              -49.2656,
              -25.2488
            ],
            [
              -49.2657,
              -25.2514
            ],
            [
              -49.2683,
              -25.2555
            ],
            [
              -49.2596,
              -25.2711
            ],
            [
              -49.2529,
              -25.2826
            ],
            [
              -49.2538,
              -25.2833
            ],
            [
              -49.2574,
              -25.2836
            ],
            [
              -49.2589,
              -25.2847
            ],
            [
              -49.2586,
              -25.2859
            ],
            [
              -49.2608,
              -25.2883
            ],
            [
              -49.261,
              -25.2894
            ],
            [
              -49.2595,
              -25.2905
            ],
            [
              -49.2595,
              -25.2922
            ],
            [
              -49.2587,
              -25.2933
            ],
            [
              -49.2567,
              -25.293
            ],
            [
              -49.2538,
              -25.2938
            ],
            [
              -49.2535,
              -25.2962
            ],
            [
              -49.2528,
              -25.2978
            ],
            [
              -49.2532,
              -25.2992
            ],
            [
              -49.2546,
              -25.2997
            ],
            [
              -49.2598,
              -25.3044
            ],
            [
              -49.2589,
              -25.3104
            ],
            [
              -49.2577,
              -25.3123
            ],
            [
              -49.2571,
              -25.3142
            ],
            [
              -49.2547,
              -25.3145
            ],
            [
              -49.2544,
              -25.3154
            ],
            [
              -49.2553,
              -25.3171
            ],
            [
              -49.254,
              -25.3187
            ],
            [
              -49.2526,
              -25.3221
            ],
            [
              -49.2516,
              -25.3232
            ],
            [
              -49.2498,
              -25.3239
            ],
            [
              -49.2489,
              -25.3263
            ],
            [
              -49.2457,
              -25.3268
            ],
            [
              -49.2444,
              -25.3282
            ],
            [
              -49.244,
              -25.3296
            ],
            [
              -49.2428,
              -25.3306
            ],
            [
              -49.2432,
              -25.3321
            ],
            [
              -49.2442,
              -25.3327
            ],
            [
              -49.242,
              -25.3341
            ],
            [
              -49.2421,
              -25.3366
            ],
            [
              -49.2405,
              -25.3376
            ],
            [
              -49.2398,
              -25.3409
            ],
            [
              -49.2375,
              -25.3416
            ],
            [
              -49.2366,
              -25.3429
            ],
            [
              -49.2321,
              -25.3445
            ],
            [
              -49.2322,
              -25.3465
            ],
            [
              -49.2306,
              -25.3478
            ],
            [
              -49.2295,
              -25.3498
            ]
          ]
        ]
      }
    },
    {
      "type": "Feature",
      "properties": {
        "codarea": "4106902",
        "name": "Curitiba"
      },
      "geometry": {
        "type": "Polygon",
        "coordinates": [
          [
            [
              -49.2295,
              -25.3498
            ],
            [
              -49.2312,
              -25.3504
            ],
            [
              -49.2332,
              -25.3498
            ],
            [
              -49.2347,
              -25.3508
            ],
            [
              -49.237,
              -25.3512
            ],
            [
              -49.2392,
              -25.3503
            ],
            [
              -49.2398,
              -25.3512
            ],
            [
              -49.2414,
              -25.3512
            ],
            [
              -49.242,
              -25.3495
            ],
            [
              -49.2431,
              -25.3485
            ],
            [
              -49.2448,
              -25.349
            ],
            [
              -49.2467,
              -25.3486
            ],
            [
              -49.2478,
              -25.3491
            ],
            [
              -49.2492,
              -25.3484
            ],
            [
              -49.2527,
              -25.3485
            ],
            [
              -49.2537,
              -25.348
            ],
            [
              -49.2559,
              -25.3482
            ],
            [
              -49.2579,
              -25.3476
            ],
            [
              -49.2592,
              -25.3479
            ],
            [
              -49.2631,
              -25.3469
            ],
            [
              -49.2646,
              -25.3482
            ],
            [
              -49.2734,
              -25.3451
            ],
            [
              -49.2753,
              -25.3481
            ],
            [
              -49.2773,
              -25.3494
            ],
            [
              -49.2781,
              -25.3507
            ],
            [
              -49.2799,
              -25.3511
            ],
            [
              -49.2803,
              -25.3533
            ],
            [
              -49.2818,
              -25.3541
            ],
            [
              -49.2812,
              -25.3551
            ],
            [
              -49.2819,
              -25.3617
            ],
            [
              -49.2841,
              -25.3628
            ],
            [
              -49.2818,
              -25.3636
            ],
            [
              -49.2826,
              -25.3647
            ],
            [
              -49.2822,
              -25.3665
            ],
            [
              -49.2857,
              -25.368
            ],
            [
              -49.2857,
              -25.3694
            ],
            [
              -49.2868,
              -25.3702
            ],
            [
              -49.2875,
              -25.3717
            ],
            [
              -49.2858,
              -25.3737
            ],
            [
              -49.2863,
              -25.3762
            ],
            [
              -49.2848,
              -25.3772
            ],
            [
              -49.286,
              -25.3786
            ],
            [
              -49.2907,
              -25.3769
            ],
            [
              -49.2925,
              -25.3758
            ],
            [
              -49.2936,
              -25.3763
            ],
            [
              -49.2956,
              -25.376
            ],
            [
              -49.2958,
              -25.3788
            ],
            [
              -49.2977,
              -25.3783
            ],
            [
              -49.3003,
              -25.3796
            ],
            [
              -49.3027,
              -25.3828
            ],
            [
              -49.3016,
              -25.3846
            ],
            [
              -49.3027,
              -25.387
            ],
            [
              -49.3038,
              -25.3863
            ],
            [
              -49.3046,
              -25.3843
            ],
            [
              -49.3104,
              -25.3836
            ],
            [
              -49.312,
              -25.3824
            ],
            [
              -49.3131,
              -25.3808
            ],
            [
              -49.3155,
              -25.379
            ],
            [
              -49.3191,
              -25.3749
            ],
            [
              -49.3199,
              -25.3722
            ],
            [
              -49.3218,
              -25.371
            ],
            [
              -49.3234,
              -25.3693
            ],
            [
              -49.3263,
              -25.3681
            ],
            [
              -49.3271,
              -25.3671
            ],
            [
              -49.3293,
              -25.3601
            ],
            [
              -49.3327,
              -25.3577
            ],
            [
              -49.3338,
              -25.3557
            ],
            [
              -49.3353,
              -25.3549
            ],
            [
              -49.3358,
              -25.3527
            ],
            [
              -49.3374,
              -25.3517
            ],
            [
              -49.3387,
              -25.3515
            ],
            [
              -49.3402,
              -25.3495
            ],
            [
              -49.3413,
              -25.3508
            ],
            [
              -49.3409,
              -25.3529
            ],
            [
              -49.3418,
              -25.3551
            ],
            [
              -49.3415,
              -25.3565
            ],
            [
              -49.3428,
              -25.3587
            ],
            [
              -49.3416,
              -25.3602
            ],
            [
              -49.3433,
              -25.3606
            ],
            [
              -49.3438,
              -25.3619
            ],
            [
              -49.3433,
              -25.3642
            ],
            [
              -49.3443,
              -25.3656
            ],
            [
              -49.3458,
              -25.3655
            ],
            [
              -49.3457,
              -25.3693
            ],
            [
              -49.3464,
              -25.371
            ],
            [
              -49.3492,
              -25.3725
            ],
            [
              -49.3484,
              -25.3734
            ],
            [
              -49.3485,
              -25.3748
            ],
            [
              -49.3478,
              -25.3759
            ],
            [
              -49.3496,
              -25.3781
            ],
            [
              -49.351,
              -25.3787
            ],
            [
              -49.3525,
              -25.3804
            ],
            [
              -49.3546,
              -25.3815
            ],
            [
              -49.3549,
              -25.3834
            ],
            [
              -49.3581,
              -25.3838
            ],
            [
              -49.3594,
              -25.3833
            ],
            [
              -49.3603,
              -25.3844
            ],
            [
              -49.3598,
              -25.3868
            ],
            [
              -49.3628,
              -25.3889
            ],
            [
              -49.364,
              -25.3908
            ],
            [
              -49.3643,
              -25.3924
            ],
            [
              -49.364,
              -25.3948
            ],
            [
              -49.3654,
              -25.3953
            ],
            [
              -49.3672,
              -25.3968
            ],
            [
              -49.3683,
              -25.3963
            ],
            [
              -49.3724,
              -25.3976
            ],
            [
              -49.3736,
              -25.3973
            ],
            [
              -49.3743,
              -25.3984
            ],
            [
              -49.3736,
              -25.3994
            ],
            [
              -49.3751,
              -25.4002
            ],
            [
              -49.3745,
              -25.4019
            ],
            [
              -49.3764,
              -25.4039
            ],
            [
              -49.3766,
              -25.405
            ],
            [
              -49.3752,
              -25.4066
            ],
            [
              -49.3758,
              -25.4074
            ],
            [
              -49.3755,
              -25.4089
            ],
            [
              -49.3774,
              -25.4088
            ],
            [
              -49.3776,
              -25.4107
            ],
            [
              -49.3766,
              -25.412
            ],
            [
              -49.3784,
              -25.4132
            ],
            [
              -49.3787,
              -25.4155
            ],
            [
              -49.3804,
              -25.4154
            ],
            [
              -49.3818,
              -25.4183
            ],
            [
              -49.3835,
              -25.4189
            ],
            [
              -49.382,
              -25.4211
            ],
            [
              -49.3828,
              -25.4218
            ],
            [
              -49.3846,
              -25.4218
            ],
            [
              -49.3858,
              -25.4236
            ],
            [
              -49.3846,
              -25.4253
            ],
            [
              -49.3853,
              -25.427
            ],
            [
              -49.3881,
              -25.4275
            ],
            [
              -49.3893,
              -25.4293
            ],
            [
              -49.3876,
              -25.4324
            ],
            [
              -49.3891,
              -25.4345
            ],
            [
              -49.3879,
              -25.4356
            ],
            [
              -49.3872,
              -25.4382
            ],
            [
              -49.3875,
              -25.4402
            ],
            [
              -49.3871,
              -25.4415
            ],
            [
              -49.3888,
              -25.4417
            ],
            [
              -49.3883,
              -25.4436
            ],
            [
              -49.3873,
              -25.444
            ],
            [
              -49.3863,
              -25.4468
            ],
            [
              -49.3837,
              -25.4494
            ],
            [
              -49.3837,
              -25.4514
            ],
            [
              -49.3818,
              -25.4524
            ],
            [
              -49.382,
              -25.4542
            ],
            [
              -49.3833,
              -25.4549
            ],
            [
              -49.3826,
              -25.4579
            ],
            [
              -49.3837,
              -25.4609
            ],
            [
              -49.3861,
              -25.4618
            ],
            [
              -49.3856,
              -25.4647
            ],
            [
              -49.3843,
              -25.4659
            ],
            [
              -49.3854,
              -25.4668
            ],
            [
              -49.3826,
              -25.4694
            ],
            [
              -49.3847,
              -25.4714
            ],
            [
              -49.3838,
              -25.472
            ],
            [
              -49.3845,
              -25.474
            ],
            [
              -49.3821,
              -25.4775
            ],
            [
              -49.3834,
              -25.4796
            ],
            [
              -49.3842,
              -25.4799
            ],
            [
              -49.3834,
              -25.4819
            ],
            [
              -49.3834,
              -25.4858
            ],
            [
              -49.3818,
              -25.4863
            ],
            [
              -49.381,
              -25.4872
            ],
            [
              -49.3809,
              -25.4892
            ],
            [
              -49.3791,
              -25.4903
            ],
            [
              -49.3795,
              -25.4925
            ],
            [
              -49.3771,
              -25.4934
            ],
            [
              -49.3748,
              -25.4937
            ],
            [
              -49.3721,
              -25.497
            ],
            [
              -49.3725,
              -25.5
            ],
            [
              -49.3719,
              -25.5005
            ],
            [
              -49.3744,
              -25.5041
            ],
            [
              -49.3739,
              -25.5078
            ],
            [
              -49.3744,
              -25.5092
            ],
            [
              -49.374,
              -25.5111
            ],
            [
              -49.3727,
              -25.5125
            ],
            [
              -49.3745,
              -25.5134
            ],
            [
              -49.3717,
              -25.5155
            ],
            [
              -49.3705,
              -25.5159
            ],
            [
              -49.3673,
              -25.518
            ],
            [
              -49.3656,
              -25.5182
            ],
            [
              -49.3641,
              -25.5176
            ],
            [
              -49.3615,
              -25.5179
            ],
            [
              -49.3602,
              -25.5187
            ],
            [
              -49.359,
              -25.5202
            ],
            [
              -49.3535,
              -25.5202
            ],
            [
              -49.3529,
              -25.5186
            ],
            [
              -49.352,
              -25.5183
            ],
            [
              -49.3492,
              -25.5187
            ],
            [
              -49.3479,
              -25.5173
            ],
            [
              -49.345,
              -25.5158
            ],
            [
              -49.3437,
              -25.5158
            ],
            [
              -49.3396,
              -25.5132
            ],
            [
              -49.3381,
              -25.5155
            ],
            [
              -49.3403,
              -25.5184
            ],
            [
              -49.3392,
              -25.5204
            ],
            [
              -49.3402,
              -25.5271
            ],
            [
              -49.3414,
              -25.5288
            ],
            [
              -49.3436,
              -25.5307
            ],
            [
              -49.3442,
              -25.5316
            ],
            [
              -49.3407,
              -25.5354
            ],
            [
              -49.3411,
              -25.537
            ],
            [
              -49.3428,
              -25.538
            ],
            [
              -49.3458,
              -25.5413
            ],
            [
              -49.3457,
              -25.5477
            ],
            [
              -49.3419,
              -25.5549
            ],
            [
              -49.3429,
              -25.5577
            ],
            [
              -49.3444,
              -25.5603
            ],
            [
              -49.3444,
              -25.5621
            ],
            [
              -49.345,
              -25.5657
            ],
            [
              -49.3451,
              -25.5689
            ],
            [
              -49.3445,
              -25.5707
            ],
            [
              -49.3428,
              -25.5738
            ],
            [
              -49.3437,
              -25.577
            ],
            [
              -49.3429,
              -25.5785
            ],
            [
              -49.3428,
              -25.5804
            ],
            [
              -49.3446,
              -25.5801
            ],
            [
              -49.3463,
              -25.5811
            ],
            [
              -49.3456,
              -25.5825
            ],
            [
              -49.3454,
              -25.5855
            ],
            [
              -49.346,
              -25.5895
            ],
            [
              -49.3476,
              -25.591
            ],
            [
              -49.3505,
              -25.5948
            ],
            [
              -49.3523,
              -25.6048
            ],
            [
              -49.3527,
              -25.6053
            ],
            [
              -49.3571,
              -25.6074
            ],
            [
              -49.3578,
              -25.6167
            ],
            [
              -49.3597,
              -25.619
            ],
            [
              -49.3594,
              -25.6266
            ],
            [
              -49.3617,
              -25.628
            ],
            [
              -49.3631,
              -25.6294
            ],
            [
              -49.364,
              -25.6318
            ],
            [
              -49.3655,
              -25.6329
            ],
            [
              -49.3657,
              -25.634
            ],
            [
              -49.3638,
              -25.6353
            ],
            [
              -49.3642,
              -25.6384
            ],
            [
              -49.3658,
              -25.6413
            ],
            [
              -49.3634,
              -25.6418
            ],
            [
              -49.3599,
              -25.6432
            ],
            [
              -49.3576,
              -25.6437
            ],
            [
              -49.3558,
              -25.6454
            ],
            [
              -49.3544,
              -25.6446
            ],
            [
              -49.3547,
              -25.6434
            ],
            [
              -49.3566,
              -25.643
            ],
            [
              -49.3551,
              -25.6418
            ],
            [
              -49.3538,
              -25.642
            ],
            [
              -49.3525,
              -25.6363
            ],
            [
              -49.3508,
              -25.6356
            ],
            [
              -49.3496,
              -25.6366
            ],
            [
              -49.3492,
              -25.6379
            ],
            [
              -49.3479,
              -25.6382
            ],
            [
              -49.3471,
              -25.6364
            ],
            [
              -49.3481,
              -25.6359
            ],
            [
              -49.3482,
              -25.6341
            ],
            [
              -49.3459,
              -25.6334
            ],
            [
              -49.3451,
              -25.6344
            ],
            [
              -49.3463,
              -25.6352
            ],
            [
              -49.346,
              -25.6362
            ],
            [
              -49.3432,
              -25.6363
            ],
            [
              -49.3425,
              -25.6344
            ],
            [
              -49.34,
              -25.6336
            ],
            [
              -49.3414,
              -25.6327
            ],
            [
              -49.3392,
              -25.6312
            ],
            [
              -49.3363,
              -25.6325
            ],
            [
              -49.3358,
              -25.631
            ],
            [
              -49.3328,
              -25.6319
            ],
            [
              -49.3303,
              -25.6305
            ],
            [
              -49.3293,
              -25.6308
            ],
            [
              -49.329,
              -25.6325
            ],
            [
              -49.3271,
              -25.6335
            ],
            [
              -49.3259,
              -25.6322
            ],
            [
              -49.3244,
              -25.6315
            ],
            [
              -49.3245,
              -25.6293
            ],
            [
              -49.3251,
              -25.6282
            ],
            [
              -49.322,
              -25.6258
            ],
            [
              -49.3214,
              -25.627
            ],
            [
              -49.3194,
              -25.6248
            ],
            [
              -49.3185,
              -25.6261
            ],
            [
              -49.317,
              -25.626
            ],
            [
              -49.3168,
              -25.6237
            ],
            [
              -49.3151,
              -25.6233
            ],
            [
              -49.3137,
              -25.6243
            ],
            [
              -49.3118,
              -25.6245
            ],
            [
              -49.3116,
              -25.6227
            ],
            [
              -49.3138,
              -25.6222
            ],
            [
              -49.3133,
              -25.6207
            ],
            [
              -49.3156,
              -25.6203
            ],
            [
              -49.3155,
              -25.6186
            ],
            [
              -49.3144,
              -25.6182
            ],
            [
              -49.3131,
              -25.6166
            ],
            [
              -49.3119,
              -25.616
            ],
            [
              -49.3111,
              -25.617
            ],
            [
              -49.3112,
              -25.6184
            ],
            [
              -49.3096,
              -25.6195
            ],
            [
              -49.308,
              -25.6188
            ],
            [
              -49.3074,
              -25.6178
            ],
            [
              -49.3058,
              -25.6183
            ],
            [
              -49.3044,
              -25.6179
            ],
            [
              -49.3042,
              -25.616
            ],
            [
              -49.303,
              -25.6145
            ],
            [
              -49.3021,
              -25.6158
            ],
            [
              -49.3005,
              -25.6164
            ],
            [
              -49.2986,
              -25.6151
            ],
            [
              -49.2964,
              -25.6155
            ],
            [
              -49.2951,
              -25.614
            ],
            [
              -49.293,
              -25.6138
            ],
            [
              -49.2918,
              -25.6153
            ],
            [
              -49.29,
              -25.6134
            ],
            [
              -49.2884,
              -25.614
            ],
            [
              -49.2864,
              -25.6127
            ],
            [
              -49.2859,
              -25.611
            ],
            [
              -49.2823,
              -25.6121
            ],
            [
              -49.281,
              -25.6135
            ],
            [
              -49.2798,
              -25.613
            ],
            [
              -49.2777,
              -25.6133
            ],
            [
              -49.2781,
              -25.6119
            ],
            [
              -49.2775,
              -25.611
            ],
            [
              -49.2757,
              -25.6133
            ],
            [
              -49.2733,
              -25.6118
            ],
            [
              -49.271,
              -25.6122
            ],
            [
              -49.2705,
              -25.6107
            ],
            [
              -49.2695,
              -25.6097
            ],
            [
              -49.2702,
              -25.6083
            ],
            [
              -49.2669,
              -25.6069
            ],
            [
              -49.2674,
              -25.6062
            ],
            [
              -49.2694,
              -25.6064
            ],
            [
              -49.2714,
              -25.6038
            ],
            [
              -49.2708,
              -25.6025
            ],
            [
              -49.2693,
              -25.6035
            ],
            [
              -49.2681,
              -25.6033
            ],
            [
              -49.2644,
              -25.6004
            ],
            [
              -49.261,
              -25.599
            ],
            [
              -49.2599,
              -25.5977
            ],
            [
              -49.2576,
              -25.597
            ],
            [
              -49.2583,
              -25.594
            ],
            [
              -49.2576,
              -25.5932
            ],
            [
              -49.2539,
              -25.5931
            ],
            [
              -49.2556,
              -25.5916
            ],
            [
              -49.2544,
              -25.5907
            ],
            [
              -49.2528,
              -25.5911
            ],
            [
              -49.2527,
              -25.5921
            ],
            [
              -49.2504,
              -25.5931
            ],
            [
              -49.2499,
              -25.5919
            ],
            [
              -49.2509,
              -25.5913
            ],
            [
              -49.25,
              -25.5875
            ],
            [
              -49.2476,
              -25.5869
            ],
            [
              -49.2445,
              -25.5868
            ],
            [
              -49.2432,
              -25.5859
            ],
            [
              -49.2437,
              -25.5848
            ],
            [
              -49.2451,
              -25.5848
            ],
            [
              -49.2443,
              -25.583
            ],
            [
              -49.2428,
              -25.5823
            ],
            [
              -49.2433,
              -25.58
            ],
            [
              -49.245,
              -25.5765
            ],
            [
              -49.2448,
              -25.5742
            ],
            [
              -49.2422,
              -25.5708
            ],
            [
              -49.2376,
              -25.5643
            ],
            [
              -49.2356,
              -25.5635
            ],
            [
              -49.2233,
              -25.562
            ],
            [
              -49.2224,
              -25.561
            ],
            [
              -49.2217,
              -25.5585
            ],
            [
              -49.2218,
              -25.5573
            ],
            [
              -49.224,
              -25.5553
            ],
            [
              -49.2254,
              -25.552
            ],
            [
              -49.2252,
              -25.551
            ],
            [
              -49.2229,
              -25.5479
            ],
            [
              -49.2245,
              -25.5454
            ],
            [
              -49.2255,
              -25.5445
            ],
            [
              -49.2254,
              -25.5432
            ],
            [
              -49.2235,
              -25.5421
            ],
            [
              -49.226,
              -25.5387
            ],
            [
              -49.226,
              -25.5381
            ],
            [
              -49.2239,
              -25.5334
            ],
            [
              -49.2226,
              -25.5323
            ],
            [
              -49.2202,
              -25.5338
            ],
            [
              -49.2183,
              -25.5325
            ],
            [
              -49.2169,
              -25.53
            ],
            [
              -49.2168,
              -25.5284
            ],
            [
              -49.2185,
              -25.5272
            ],
            [
              -49.2172,
              -25.5231
            ],
            [
              -49.2169,
              -25.5212
            ],
            [
              -49.2154,
              -25.5198
            ],
            [
              -49.211,
              -25.5167
            ],
            [
              -49.2086,
              -25.5154
            ],
            [
              -49.2078,
              -25.5142
            ],
            [
              -49.2069,
              -25.5109
            ],
            [
              -49.2066,
              -25.5081
            ],
            [
              -49.1999,
              -25.5026
            ],
            [
              -49.1988,
              -25.5013
            ],
            [
              -49.1972,
              -25.4978
            ],
            [
              -49.194,
              -25.4899
            ],
            [
              -49.1935,
              -25.4877
            ],
            [
              -49.1898,
              -25.4839
            ],
            [
              -49.1901,
              -25.4827
            ],
            [
              -49.1867,
              -25.4789
            ],
            [
              -49.1856,
              -25.478
            ],
            [
              -49.1852,
              -25.4715
            ],
            [
              -49.1881,
              -25.4683
            ],
            [
              -49.1897,
              -25.467
            ],
            [
              -49.1926,
              -25.4586
            ],
            [
              -49.1985,
              -25.4506
            ],
            [
              -49.1991,
              -25.4456
            ],
            [
              -49.2002,
              -25.4445
            ],
            [
              -49.2008,
              -25.4416
            ],
            [
              -49.2033,
              -25.4356
            ],
            [
              -49.2028,
              -25.4341
            ],
            [
              -49.2031,
              -25.4307
            ],
            [
              -49.1985,
              -25.4263
            ],
            [
              -49.1979,
              -25.4249
            ],
            [
              -49.1983,
              -25.4197
            ],
            [
              -49.1981,
              -25.418
            ],
            [
              -49.1971,
              -25.4155
            ],
            [
              -49.1985,
              -25.4123
            ],
            [
              -49.1949,
              -25.4066
            ],
            [
              -49.1945,
              -25.4015
            ],
            [
              -49.194,
              -25.4002
            ],
            [
              -49.1932,
              -25.3949
            ],
            [
              -49.1935,
              -25.3903
            ],
            [
              -49.1946,
              -25.3876
            ],
            [
              -49.1943,
              -25.3835
            ],
            [
              -49.1952,
              -25.382
            ],
            [
              -49.1948,
              -25.3795
            ],
            [
              -49.196,
              -25.3773
            ],
            [
              -49.1975,
              -25.3772
            ],
            [
              -49.1985,
              -25.378
            ],
            [
              -49.202,
              -25.3817
            ],
            [
              -49.2042,
              -25.3821
            ],
            [
              -49.2054,
              -25.3814
            ],
            [
              -49.206,
              -25.3786
            ],
            [
              -49.2055,
              -25.3766
            ],
            [
              -49.2081,
              -25.3771
            ],
            [
              -49.2093,
              -25.3739
            ],
            [
              -49.2087,
              -25.3722
            ],
            [
              -49.2069,
              -25.3705
            ],
            [
              -49.2075,
              -25.3659
            ],
            [
              -49.2115,
              -25.3634
            ],
            [
              -49.2129,
              -25.3615
            ],
            [
              -49.2168,
              -25.3615
            ],
            [
              -49.2185,
              -25.3625
            ],
            [
              -49.2191,
              -25.3639
            ],
            [
              -49.2213,
              -25.3641
            ],
            [
              -49.2224,
              -25.3637
            ],
            [
              -49.2227,
              -25.3597
            ],
            [
              -49.2245,
              -25.3585
            ],
            [
              -49.2237,
              -25.357
            ],
            [
              -49.2241,
              -25.3561
            ],
            [
              -49.229,
              -25.3526
            ],
            [
              -49.2288,
              -25.3513
            ],
            [
              -49.2295,
              -25.3498
            ]
          ]
        ]
      }
    },
    {
      "type": "Feature",
      "properties": {
        "codarea": "4107652",
        "name": "Fazenda Rio Grande"
      },
      "geometry": {
        "type": "Polygon",
        "coordinates": [
          [
            [
              -49.3552,
              -25.6735
            ],
            [
              -49.3542,
              -25.6735
            ],
            [
              -49.3521,
              -25.6752
            ],
            [
              -49.3492,
              -25.6755
            ],
            [
              -49.3473,
              -25.6766
            ],
            [
              -49.3485,
              -25.6777
            ],
            [
              -49.347,
              -25.679
            ],
            [
              -49.3482,
              -25.6806
            ],
            [
              -49.3472,
              -25.6815
            ],
            [
              -49.3467,
              -25.6836
            ],
            [
              -49.3479,
              -25.6852
            ],
            [
              -49.347,
              -25.6862
            ],
            [
              -49.3458,
              -25.686
            ],
            [
              -49.3445,
              -25.6878
            ],
            [
              -49.3443,
              -25.69
            ],
            [
              -49.3433,
              -25.691
            ],
            [
              -49.3431,
              -25.6936
            ],
            [
              -49.3398,
              -25.6947
            ],
            [
              -49.3394,
              -25.6965
            ],
            [
              -49.3382,
              -25.6981
            ],
            [
              -49.3388,
              -25.6997
            ],
            [
              -49.3375,
              -25.7011
            ],
            [
              -49.338,
              -25.7029
            ],
            [
              -49.3367,
              -25.7038
            ],
            [
              -49.3355,
              -25.7056
            ],
            [
              -49.3359,
              -25.7069
            ],
            [
              -49.335,
              -25.7089
            ],
            [
              -49.3351,
              -25.7121
            ],
            [
              -49.3337,
              -25.7123
            ],
            [
              -49.3323,
              -25.7147
            ],
            [
              -49.3302,
              -25.7162
            ],
            [
              -49.3287,
              -25.7183
            ],
            [
              -49.3264,
              -25.7194
            ],
            [
              -49.326,
              -25.7189
            ],
            [
              -49.3236,
              -25.7188
            ],
            [
              -49.3211,
              -25.7203
            ],
            [
              -49.321,
              -25.7216
            ],
            [
              -49.3188,
              -25.7216
            ],
            [
              -49.3183,
              -25.7209
            ],
            [
              -49.3147,
              -25.7208
            ],
            [
              -49.3124,
              -25.725
            ],
            [
              -49.3115,
              -25.7274
            ],
            [
              -49.3104,
              -25.7287
            ],
            [
              -49.3079,
              -25.7296
            ],
            [
              -49.3058,
              -25.7317
            ],
            [
              -49.3063,
              -25.733
            ],
            [
              -49.3052,
              -25.7342
            ],
            [
              -49.3023,
              -25.7339
            ],
            [
              -49.3009,
              -25.7328
            ],
            [
              -49.2981,
              -25.7321
            ],
            [
              -49.297,
              -25.7327
            ],
            [
              -49.2966,
              -25.734
            ],
            [
              -49.2952,
              -25.7344
            ],
            [
              -49.2943,
              -25.7378
            ],
            [
              -49.2931,
              -25.7377
            ],
            [
              -49.2889,
              -25.7359
            ],
            [
              -49.2846,
              -25.735
            ],
            [
              -49.2811,
              -25.7354
            ],
            [
              -49.279,
              -25.7365
            ],
            [
              -49.2779,
              -25.7386
            ],
            [
              -49.2756,
              -25.7393
            ],
            [
              -49.2739,
              -25.7385
            ],
            [
              -49.2706,
              -25.739
            ],
            [
              -49.2681,
              -25.738
            ],
            [
              -49.2654,
              -25.7362
            ],
            [
              -49.2633,
              -25.7371
            ],
            [
              -49.2608,
              -25.7404
            ],
            [
              -49.2581,
              -25.7414
            ],
            [
              -49.2564,
              -25.7399
            ],
            [
              -49.2551,
              -25.7421
            ],
            [
              -49.2523,
              -25.7448
            ],
            [
              -49.2515,
              -25.7473
            ],
            [
              -49.2516,
              -25.7514
            ],
            [
              -49.251,
              -25.7525
            ],
            [
              -49.2492,
              -25.7533
            ],
            [
              -49.2455,
              -25.754
            ],
            [
              -49.245,
              -25.7525
            ],
            [
              -49.2457,
              -25.7501
            ],
            [
              -49.2437,
              -25.7479
            ],
            [
              -49.2424,
              -25.747
            ],
            [
              -49.242,
              -25.745
            ],
            [
              -49.2413,
              -25.7445
            ],
            [
              -49.2407,
              -25.7427
            ],
            [
              -49.2407,
              -25.74
            ],
            [
              -49.2437,
              -25.7364
            ],
            [
              -49.2441,
              -25.7352
            ],
            [
              -49.2474,
              -25.7327
            ],
            [
              -49.2481,
              -25.7303
            ],
            [
              -49.2465,
              -25.7241
            ],
            [
              -49.2472,
              -25.7223
            ],
            [
              -49.2469,
              -25.7208
            ],
            [
              -49.2475,
              -25.7181
            ],
            [
              -49.2466,
              -25.7169
            ],
            [
              -49.2472,
              -25.7146
            ],
            [
              -49.2481,
              -25.7136
            ],
            [
              -49.2477,
              -25.7109
            ],
            [
              -49.2491,
              -25.71
            ],
            [
              -49.2503,
              -25.7071
            ],
            [
              -49.2495,
              -25.7039
            ],
            [
              -49.2494,
              -25.6946
            ],
            [
              -49.2502,
              -25.6938
            ],
            [
              -49.2529,
              -25.6931
            ],
            [
              -49.2521,
              -25.6904
            ],
            [
              -49.2541,
              -25.6891
            ],
            [
              -49.2537,
              -25.6861
            ],
            [
              -49.2555,
              -25.6836
            ],
            [
              -49.2555,
              -25.6817
            ],
            [
              -49.2563,
              -25.6801
            ],
            [
              -49.2554,
              -25.6793
            ],
            [
              -49.2544,
              -25.6767
            ],
            [
              -49.2555,
              -25.6755
            ],
            [
              -49.2565,
              -25.6728
            ],
            [
              -49.2578,
              -25.671
            ],
            [
              -49.2567,
              -25.6665
            ],
            [
              -49.2582,
              -25.6641
            ],
            [
              -49.2583,
              -25.663
            ],
            [
              -49.2595,
              -25.6619
            ],
            [
              -49.2593,
              -25.6601
            ],
            [
              -49.2584,
              -25.6568
            ],
            [
              -49.2586,
              -25.6547
            ],
            [
              -49.2594,
              -25.6537
            ],
            [
              -49.259,
              -25.6517
            ],
            [
              -49.2592,
              -25.6486
            ],
            [
              -49.2588,
              -25.6473
            ],
            [
              -49.2585,
              -25.644
            ],
            [
              -49.2592,
              -25.6405
            ],
            [
              -49.2605,
              -25.6403
            ],
            [
              -49.2603,
              -25.6383
            ],
            [
              -49.2613,
              -25.6372
            ],
            [
              -49.2613,
              -25.6353
            ],
            [
              -49.2593,
              -25.634
            ],
            [
              -49.2609,
              -25.633
            ],
            [
              -49.2604,
              -25.6317
            ],
            [
              -49.261,
              -25.6302
            ],
            [
              -49.2596,
              -25.6277
            ],
            [
              -49.2609,
              -25.6251
            ],
            [
              -49.2605,
              -25.6237
            ],
            [
              -49.2614,
              -25.6202
            ],
            [
              -49.2606,
              -25.6187
            ],
            [
              -49.2603,
              -25.6162
            ],
            [
              -49.2628,
              -25.6157
            ],
            [
              -49.2628,
              -25.6139
            ],
            [
              -49.2657,
              -25.6129
            ],
            [
              -49.2657,
              -25.612
            ],
            [
              -49.2678,
              -25.6113
            ],
            [
              -49.2699,
              -25.6114
            ],
            [
              -49.271,
              -25.6122
            ],
            [
              -49.2733,
              -25.6118
            ],
            [
              -49.2757,
              -25.6133
            ],
            [
              -49.2775,
              -25.611
            ],
            [
              -49.2781,
              -25.6119
            ],
            [
              -49.2777,
              -25.6133
            ],
            [
              -49.2798,
              -25.613
            ],
            [
              -49.281,
              -25.6135
            ],
            [
              -49.2823,
              -25.6121
            ],
            [
              -49.2859,
              -25.611
            ],
            [
              -49.2864,
              -25.6127
            ],
            [
              -49.2884,
              -25.614
            ],
            [
              -49.29,
              -25.6134
            ],
            [
              -49.2918,
              -25.6153
            ],
            [
              -49.293,
              -25.6138
            ],
            [
              -49.2951,
              -25.614
            ],
            [
              -49.2964,
              -25.6155
            ],
            [
              -49.2986,
              -25.6151
            ],
            [
              -49.3005,
              -25.6164
            ],
            [
              -49.3021,
              -25.6158
            ],
            [
              -49.303,
              -25.6145
            ],
            [
              -49.3042,
              -25.616
            ],
            [
              -49.3044,
              -25.6179
            ],
            [
              -49.3058,
              -25.6183
            ],
            [
              -49.3074,
              -25.6178
            ],
            [
              -49.308,
              -25.6188
            ],
            [
              -49.3096,
              -25.6195
            ],
            [
              -49.3112,
              -25.6184
            ],
            [
              -49.3111,
              -25.617
            ],
            [
              -49.3119,
              -25.616
            ],
            [
              -49.3131,
              -25.6166
            ],
            [
              -49.3144,
              -25.6182
            ],
            [
              -49.3155,
              -25.6186
            ],
            [
              -49.3156,
              -25.6203
            ],
            [
              -49.3133,
              -25.6207
            ],
            [
              -49.3138,
              -25.6222
            ],
            [
              -49.3116,
              -25.6227
            ],
            [
              -49.3118,
              -25.6245
            ],
            [
              -49.3137,
              -25.6243
            ],
            [
              -49.3151,
              -25.6233
            ],
            [
              -49.3168,
              -25.6237
            ],
            [
              -49.317,
              -25.626
            ],
            [
              -49.3185,
              -25.6261
            ],
            [
              -49.3194,
              -25.6248
            ],
            [
              -49.3214,
              -25.627
            ],
            [
              -49.322,
              -25.6258
            ],
            [
              -49.3251,
              -25.6282
            ],
            [
              -49.3245,
              -25.6293
            ],
            [
              -49.3244,
              -25.6315
            ],
            [
              -49.3259,
              -25.6322
            ],
            [
              -49.3271,
              -25.6335
            ],
            [
              -49.329,
              -25.6325
            ],
            [
              -49.3293,
              -25.6308
            ],
            [
              -49.3303,
              -25.6305
            ],
            [
              -49.3328,
              -25.6319
            ],
            [
              -49.3358,
              -25.631
            ],
            [
              -49.3363,
              -25.6325
            ],
            [
              -49.3392,
              -25.6312
            ],
            [
              -49.3414,
              -25.6327
            ],
            [
              -49.34,
              -25.6336
            ],
            [
              -49.3425,
              -25.6344
            ],
            [
              -49.3432,
              -25.6363
            ],
            [
              -49.346,
              -25.6362
            ],
            [
              -49.3463,
              -25.6352
            ],
            [
              -49.3451,
              -25.6344
            ],
            [
              -49.3459,
              -25.6334
            ],
            [
              -49.3482,
              -25.6341
            ],
            [
              -49.3481,
              -25.6359
            ],
            [
              -49.3471,
              -25.6364
            ],
            [
              -49.3479,
              -25.6382
            ],
            [
              -49.3492,
              -25.6379
            ],
            [
              -49.3496,
              -25.6366
            ],
            [
              -49.3508,
              -25.6356
            ],
            [
              -49.3525,
              -25.6363
            ],
            [
              -49.3538,
              -25.642
            ],
            [
              -49.3551,
              -25.6418
            ],
            [
              -49.3566,
              -25.643
            ],
            [
              -49.3547,
              -25.6434
            ],
            [
              -49.3544,
              -25.6446
            ],
            [
              -49.3558,
              -25.6454
            ],
            [
              -49.3576,
              -25.6437
            ],
            [
              -49.3599,
              -25.6432
            ],
            [
              -49.3599,
              -25.6467
            ],
            [
              -49.3628,
              -25.647
            ],
            [
              -49.3634,
              -25.6502
            ],
            [
              -49.3653,
              -25.6517
            ],
            [
              -49.3642,
              -25.6545
            ],
            [
              -49.3628,
              -25.6553
            ],
            [
              -49.3652,
              -25.6562
            ],
            [
              -49.3647,
              -25.6577
            ],
            [
              -49.3624,
              -25.659
            ],
            [
              -49.3609,
              -25.6589
            ],
            [
              -49.3599,
              -25.6602
            ],
            [
              -49.3604,
              -25.6613
            ],
            [
              -49.3599,
              -25.6628
            ],
            [
              -49.3602,
              -25.665
            ],
            [
              -49.3612,
              -25.6668
            ],
            [
              -49.3595,
              -25.6681
            ],
            [
              -49.3593,
              -25.6695
            ],
            [
              -49.3579,
              -25.6703
            ],
            [
              -49.3557,
              -25.6723
            ],
            [
              -49.3552,
              -25.6735
            ]
          ]
        ]
      }
    },
    {
      "type": "Feature",
      "properties": {
        "codarea": "4111258",
        "name": "Itaperu\u00e7u"
      },
      "geometry": {
        "type": "Polygon",
        "coordinates": [
          [
            [
              -49.3211,
              -25.2311
            ],
            [
              -49.3228,
              -25.23
            ],
            [
              -49.3273,
              -25.2256
            ],
            [
              -49.3282,
              -25.2236
            ],
            [
              -49.3282,
              -25.222
            ],
            [
              -49.3277,
              -25.2196
            ],
            [
              -49.3278,
              -25.217
            ],
            [
              -49.3269,
              -25.2149
            ],
            [
              -49.3248,
              -25.2121
            ],
            [
              -49.3256,
              -25.2112
            ],
            [
              -49.3249,
              -25.2097
            ],
            [
              -49.3259,
              -25.2089
            ],
            [
              -49.3279,
              -25.209
            ],
            [
              -49.3304,
              -25.2103
            ],
            [
              -49.3379,
              -25.1981
            ],
            [
              -49.3519,
              -25.1982
            ],
            [
              -49.3565,
              -25.1958
            ],
            [
              -49.3574,
              -25.194
            ],
            [
              -49.3619,
              -25.1931
            ],
            [
              -49.3631,
              -25.1917
            ],
            [
              -49.3655,
              -25.1925
            ],
            [
              -49.3673,
              -25.1922
            ],
            [
              -49.3703,
              -25.1927
            ],
            [
              -49.3717,
              -25.1916
            ],
            [
              -49.3741,
              -25.1913
            ],
            [
              -49.3755,
              -25.1908
            ],
            [
              -49.3763,
              -25.1896
            ],
            [
              -49.3766,
              -25.1876
            ],
            [
              -49.378,
              -25.1871
            ],
            [
              -49.3809,
              -25.1876
            ],
            [
              -49.3865,
              -25.1853
            ],
            [
              -49.3884,
              -25.1835
            ],
            [
              -49.393,
              -25.1817
            ],
            [
              -49.3972,
              -25.1777
            ],
            [
              -49.4009,
              -25.1753
            ],
            [
              -49.4026,
              -25.1746
            ],
            [
              -49.4078,
              -25.1752
            ],
            [
              -49.4098,
              -25.1744
            ],
            [
              -49.4113,
              -25.1719
            ],
            [
              -49.415,
              -25.1714
            ],
            [
              -49.4171,
              -25.1715
            ],
            [
              -49.4211,
              -25.1741
            ],
            [
              -49.4243,
              -25.1756
            ],
            [
              -49.426,
              -25.1751
            ],
            [
              -49.4278,
              -25.1729
            ],
            [
              -49.4327,
              -25.1721
            ],
            [
              -49.4357,
              -25.1726
            ],
            [
              -49.4411,
              -25.169
            ],
            [
              -49.4454,
              -25.1682
            ],
            [
              -49.4496,
              -25.1666
            ],
            [
              -49.4512,
              -25.165
            ],
            [
              -49.4522,
              -25.1651
            ],
            [
              -49.4576,
              -25.1647
            ],
            [
              -49.4622,
              -25.1668
            ],
            [
              -49.4625,
              -25.1539
            ],
            [
              -49.4614,
              -25.1522
            ],
            [
              -49.4587,
              -25.1515
            ],
            [
              -49.4582,
              -25.1505
            ],
            [
              -49.4561,
              -25.1492
            ],
            [
              -49.4549,
              -25.1501
            ],
            [
              -49.4511,
              -25.1503
            ],
            [
              -49.4503,
              -25.1484
            ],
            [
              -49.4458,
              -25.1464
            ],
            [
              -49.4451,
              -25.1456
            ],
            [
              -49.4457,
              -25.1443
            ],
            [
              -49.4436,
              -25.1441
            ],
            [
              -49.4408,
              -25.1398
            ],
            [
              -49.4384,
              -25.1374
            ],
            [
              -49.4375,
              -25.1352
            ],
            [
              -49.4357,
              -25.1337
            ],
            [
              -49.4331,
              -25.1311
            ],
            [
              -49.4318,
              -25.1269
            ],
            [
              -49.4288,
              -25.127
            ],
            [
              -49.4288,
              -25.1262
            ],
            [
              -49.4302,
              -25.1251
            ],
            [
              -49.433,
              -25.1238
            ],
            [
              -49.435,
              -25.122
            ],
            [
              -49.4382,
              -25.1211
            ],
            [
              -49.4393,
              -25.1199
            ],
            [
              -49.4429,
              -25.1187
            ],
            [
              -49.444,
              -25.1157
            ],
            [
              -49.4437,
              -25.1131
            ],
            [
              -49.4451,
              -25.1122
            ],
            [
              -49.4473,
              -25.1121
            ],
            [
              -49.4488,
              -25.1093
            ],
            [
              -49.45,
              -25.1097
            ],
            [
              -49.4539,
              -25.109
            ],
            [
              -49.4559,
              -25.1079
            ],
            [
              -49.4563,
              -25.1057
            ],
            [
              -49.4609,
              -25.1022
            ],
            [
              -49.4626,
              -25.1019
            ],
            [
              -49.4646,
              -25.1
            ],
            [
              -49.4656,
              -25.0977
            ],
            [
              -49.4657,
              -25.096
            ],
            [
              -49.4692,
              -25.092
            ],
            [
              -49.472,
              -25.0906
            ],
            [
              -49.4744,
              -25.0888
            ],
            [
              -49.4758,
              -25.0884
            ],
            [
              -49.4796,
              -25.0845
            ],
            [
              -49.4816,
              -25.0843
            ],
            [
              -49.4826,
              -25.0826
            ],
            [
              -49.483,
              -25.0756
            ],
            [
              -49.4818,
              -25.0737
            ],
            [
              -49.4822,
              -25.0725
            ],
            [
              -49.4818,
              -25.0699
            ],
            [
              -49.4847,
              -25.0637
            ],
            [
              -49.4863,
              -25.0623
            ],
            [
              -49.4883,
              -25.0592
            ],
            [
              -49.4897,
              -25.0594
            ],
            [
              -49.491,
              -25.0586
            ],
            [
              -49.4935,
              -25.0583
            ],
            [
              -49.495,
              -25.057
            ],
            [
              -49.4937,
              -25.0553
            ],
            [
              -49.4958,
              -25.0523
            ],
            [
              -49.4983,
              -25.0504
            ],
            [
              -49.4983,
              -25.0488
            ],
            [
              -49.4977,
              -25.0462
            ],
            [
              -49.5026,
              -25.0433
            ],
            [
              -49.5044,
              -25.0404
            ],
            [
              -49.5044,
              -25.0391
            ],
            [
              -49.5033,
              -25.0384
            ],
            [
              -49.501,
              -25.0383
            ],
            [
              -49.5017,
              -25.0367
            ],
            [
              -49.5032,
              -25.0364
            ],
            [
              -49.505,
              -25.0343
            ],
            [
              -49.5067,
              -25.0339
            ],
            [
              -49.5089,
              -25.0318
            ],
            [
              -49.5089,
              -25.0303
            ],
            [
              -49.5056,
              -25.0282
            ],
            [
              -49.5034,
              -25.0252
            ],
            [
              -49.5021,
              -25.0242
            ],
            [
              -49.5013,
              -25.0206
            ],
            [
              -49.4999,
              -25.0185
            ],
            [
              -49.4999,
              -25.0158
            ],
            [
              -49.5014,
              -25.0136
            ],
            [
              -49.499,
              -25.0121
            ],
            [
              -49.4964,
              -25.0091
            ],
            [
              -49.4982,
              -25.0075
            ],
            [
              -49.4994,
              -25.0074
            ],
            [
              -49.5007,
              -25.0088
            ],
            [
              -49.5027,
              -25.0082
            ],
            [
              -49.5042,
              -25.0071
            ],
            [
              -49.5084,
              -25.0046
            ],
            [
              -49.5098,
              -25.0041
            ],
            [
              -49.5109,
              -25.0056
            ],
            [
              -49.5128,
              -25.0057
            ],
            [
              -49.5161,
              -25.0049
            ],
            [
              -49.5193,
              -25.0059
            ],
            [
              -49.5203,
              -25.0049
            ],
            [
              -49.5204,
              -25.0008
            ],
            [
              -49.5226,
              -24.9983
            ],
            [
              -49.5277,
              -24.9946
            ],
            [
              -49.5295,
              -24.9935
            ],
            [
              -49.5345,
              -24.9892
            ],
            [
              -49.5363,
              -24.988
            ],
            [
              -49.5417,
              -24.9859
            ],
            [
              -49.5437,
              -24.9855
            ],
            [
              -49.5452,
              -24.9841
            ],
            [
              -49.5451,
              -24.982
            ],
            [
              -49.5465,
              -24.9797
            ],
            [
              -49.5496,
              -24.9768
            ],
            [
              -49.551,
              -24.9763
            ],
            [
              -49.5532,
              -24.9763
            ],
            [
              -49.5545,
              -24.9734
            ],
            [
              -49.5564,
              -24.9719
            ],
            [
              -49.5582,
              -24.9735
            ],
            [
              -49.5603,
              -24.9742
            ],
            [
              -49.5625,
              -24.9698
            ],
            [
              -49.5628,
              -24.9685
            ],
            [
              -49.565,
              -24.9676
            ],
            [
              -49.5682,
              -24.9678
            ],
            [
              -49.5692,
              -24.967
            ],
            [
              -49.5698,
              -24.9654
            ],
            [
              -49.5724,
              -24.9615
            ],
            [
              -49.5745,
              -24.9603
            ],
            [
              -49.5749,
              -24.9594
            ],
            [
              -49.5763,
              -24.9618
            ],
            [
              -49.5768,
              -24.9638
            ],
            [
              -49.5797,
              -24.9652
            ],
            [
              -49.5817,
              -24.9651
            ],
            [
              -49.5848,
              -24.9676
            ],
            [
              -49.5864,
              -24.9683
            ],
            [
              -49.5885,
              -24.9706
            ],
            [
              -49.5895,
              -24.9724
            ],
            [
              -49.5918,
              -24.9751
            ],
            [
              -49.592,
              -24.9764
            ],
            [
              -49.5935,
              -24.9766
            ],
            [
              -49.595,
              -24.9754
            ],
            [
              -49.5958,
              -24.9756
            ],
            [
              -49.5977,
              -24.9783
            ],
            [
              -49.5983,
              -24.9822
            ],
            [
              -49.5999,
              -24.9851
            ],
            [
              -49.6021,
              -24.987
            ],
            [
              -49.6042,
              -24.9865
            ],
            [
              -49.6054,
              -24.988
            ],
            [
              -49.6052,
              -24.9924
            ],
            [
              -49.6041,
              -24.997
            ],
            [
              -49.6029,
              -24.9993
            ],
            [
              -49.6004,
              -25.0005
            ],
            [
              -49.5997,
              -25.0016
            ],
            [
              -49.5995,
              -25.0064
            ],
            [
              -49.5992,
              -25.0091
            ],
            [
              -49.5986,
              -25.0106
            ],
            [
              -49.5946,
              -25.0132
            ],
            [
              -49.5922,
              -25.0153
            ],
            [
              -49.589,
              -25.0152
            ],
            [
              -49.5871,
              -25.0166
            ],
            [
              -49.5852,
              -25.0163
            ],
            [
              -49.5839,
              -25.0167
            ],
            [
              -49.5835,
              -25.019
            ],
            [
              -49.5852,
              -25.0205
            ],
            [
              -49.5823,
              -25.021
            ],
            [
              -49.5782,
              -25.0246
            ],
            [
              -49.5774,
              -25.0256
            ],
            [
              -49.5776,
              -25.0269
            ],
            [
              -49.576,
              -25.029
            ],
            [
              -49.5749,
              -25.0298
            ],
            [
              -49.5728,
              -25.033
            ],
            [
              -49.5696,
              -25.0345
            ],
            [
              -49.5677,
              -25.0368
            ],
            [
              -49.5653,
              -25.0379
            ],
            [
              -49.5642,
              -25.0364
            ],
            [
              -49.5624,
              -25.036
            ],
            [
              -49.561,
              -25.0363
            ],
            [
              -49.5597,
              -25.0358
            ],
            [
              -49.5577,
              -25.0366
            ],
            [
              -49.5561,
              -25.0381
            ],
            [
              -49.5524,
              -25.0375
            ],
            [
              -49.5509,
              -25.0379
            ],
            [
              -49.5501,
              -25.0393
            ],
            [
              -49.5485,
              -25.0401
            ],
            [
              -49.5478,
              -25.0433
            ],
            [
              -49.5466,
              -25.0446
            ],
            [
              -49.546,
              -25.0465
            ],
            [
              -49.5483,
              -25.0474
            ],
            [
              -49.5504,
              -25.0487
            ],
            [
              -49.552,
              -25.051
            ],
            [
              -49.5534,
              -25.0508
            ],
            [
              -49.5561,
              -25.0491
            ],
            [
              -49.557,
              -25.05
            ],
            [
              -49.5584,
              -25.0494
            ],
            [
              -49.5609,
              -25.0508
            ],
            [
              -49.563,
              -25.0537
            ],
            [
              -49.5636,
              -25.0555
            ],
            [
              -49.5654,
              -25.0579
            ],
            [
              -49.5639,
              -25.0595
            ],
            [
              -49.5636,
              -25.0613
            ],
            [
              -49.5643,
              -25.0618
            ],
            [
              -49.5671,
              -25.0612
            ],
            [
              -49.5703,
              -25.0633
            ],
            [
              -49.573,
              -25.0633
            ],
            [
              -49.5752,
              -25.0623
            ],
            [
              -49.5769,
              -25.0604
            ],
            [
              -49.5789,
              -25.0606
            ],
            [
              -49.5793,
              -25.0637
            ],
            [
              -49.5775,
              -25.0652
            ],
            [
              -49.5774,
              -25.0673
            ],
            [
              -49.5791,
              -25.0677
            ],
            [
              -49.5815,
              -25.0671
            ],
            [
              -49.5836,
              -25.0676
            ],
            [
              -49.5839,
              -25.069
            ],
            [
              -49.582,
              -25.0725
            ],
            [
              -49.58,
              -25.0742
            ],
            [
              -49.5802,
              -25.0761
            ],
            [
              -49.5823,
              -25.076
            ],
            [
              -49.5859,
              -25.0737
            ],
            [
              -49.5901,
              -25.0717
            ],
            [
              -49.5917,
              -25.0729
            ],
            [
              -49.5911,
              -25.0745
            ],
            [
              -49.5894,
              -25.0761
            ],
            [
              -49.5883,
              -25.0764
            ],
            [
              -49.5875,
              -25.0779
            ],
            [
              -49.5878,
              -25.0792
            ],
            [
              -49.5891,
              -25.0803
            ],
            [
              -49.593,
              -25.0811
            ],
            [
              -49.5947,
              -25.0825
            ],
            [
              -49.5969,
              -25.085
            ],
            [
              -49.6017,
              -25.0875
            ],
            [
              -49.6009,
              -25.0887
            ],
            [
              -49.5994,
              -25.0892
            ],
            [
              -49.5981,
              -25.0911
            ],
            [
              -49.5961,
              -25.0923
            ],
            [
              -49.5951,
              -25.0958
            ],
            [
              -49.594,
              -25.098
            ],
            [
              -49.5932,
              -25.1017
            ],
            [
              -49.5908,
              -25.1032
            ],
            [
              -49.5871,
              -25.1039
            ],
            [
              -49.5866,
              -25.106
            ],
            [
              -49.5881,
              -25.1075
            ],
            [
              -49.5876,
              -25.1096
            ],
            [
              -49.5865,
              -25.1101
            ],
            [
              -49.5836,
              -25.1104
            ],
            [
              -49.583,
              -25.1111
            ],
            [
              -49.5844,
              -25.1134
            ],
            [
              -49.5868,
              -25.1148
            ],
            [
              -49.5873,
              -25.117
            ],
            [
              -49.5867,
              -25.1177
            ],
            [
              -49.5822,
              -25.1173
            ],
            [
              -49.5802,
              -25.1168
            ],
            [
              -49.5793,
              -25.1171
            ],
            [
              -49.5775,
              -25.1195
            ],
            [
              -49.5763,
              -25.1223
            ],
            [
              -49.5742,
              -25.1238
            ],
            [
              -49.5736,
              -25.1251
            ],
            [
              -49.5748,
              -25.1279
            ],
            [
              -49.5744,
              -25.1286
            ],
            [
              -49.5723,
              -25.1291
            ],
            [
              -49.5718,
              -25.132
            ],
            [
              -49.5706,
              -25.1332
            ],
            [
              -49.5703,
              -25.1352
            ],
            [
              -49.5724,
              -25.1343
            ],
            [
              -49.5739,
              -25.1343
            ],
            [
              -49.5749,
              -25.1353
            ],
            [
              -49.5755,
              -25.1387
            ],
            [
              -49.5722,
              -25.1418
            ],
            [
              -49.5717,
              -25.1429
            ],
            [
              -49.5693,
              -25.1433
            ],
            [
              -49.5668,
              -25.1457
            ],
            [
              -49.5653,
              -25.1466
            ],
            [
              -49.5606,
              -25.1477
            ],
            [
              -49.5612,
              -25.1495
            ],
            [
              -49.5627,
              -25.1489
            ],
            [
              -49.5633,
              -25.1512
            ],
            [
              -49.5642,
              -25.1531
            ],
            [
              -49.5634,
              -25.1553
            ],
            [
              -49.5617,
              -25.1572
            ],
            [
              -49.559,
              -25.1583
            ],
            [
              -49.5586,
              -25.1599
            ],
            [
              -49.5617,
              -25.1601
            ],
            [
              -49.564,
              -25.1613
            ],
            [
              -49.5642,
              -25.162
            ],
            [
              -49.5622,
              -25.1644
            ],
            [
              -49.561,
              -25.1684
            ],
            [
              -49.5625,
              -25.1699
            ],
            [
              -49.5623,
              -25.1709
            ],
            [
              -49.557,
              -25.1737
            ],
            [
              -49.5542,
              -25.175
            ],
            [
              -49.5539,
              -25.176
            ],
            [
              -49.5553,
              -25.1781
            ],
            [
              -49.5524,
              -25.1791
            ],
            [
              -49.5485,
              -25.1785
            ],
            [
              -49.5456,
              -25.1769
            ],
            [
              -49.5442,
              -25.1756
            ],
            [
              -49.5418,
              -25.1767
            ],
            [
              -49.538,
              -25.1777
            ],
            [
              -49.5369,
              -25.1789
            ],
            [
              -49.5354,
              -25.1787
            ],
            [
              -49.5351,
              -25.1765
            ],
            [
              -49.5327,
              -25.1781
            ],
            [
              -49.5311,
              -25.1788
            ],
            [
              -49.53,
              -25.1799
            ],
            [
              -49.5281,
              -25.1785
            ],
            [
              -49.5261,
              -25.1795
            ],
            [
              -49.5263,
              -25.1823
            ],
            [
              -49.5255,
              -25.1848
            ],
            [
              -49.5238,
              -25.184
            ],
            [
              -49.5224,
              -25.184
            ],
            [
              -49.5215,
              -25.1824
            ],
            [
              -49.5236,
              -25.1801
            ],
            [
              -49.5231,
              -25.1791
            ],
            [
              -49.5203,
              -25.1794
            ],
            [
              -49.5189,
              -25.1818
            ],
            [
              -49.5172,
              -25.1826
            ],
            [
              -49.5156,
              -25.1822
            ],
            [
              -49.5115,
              -25.1843
            ],
            [
              -49.5101,
              -25.1865
            ],
            [
              -49.5083,
              -25.1886
            ],
            [
              -49.5052,
              -25.1912
            ],
            [
              -49.5036,
              -25.1916
            ],
            [
              -49.5044,
              -25.1936
            ],
            [
              -49.504,
              -25.1948
            ],
            [
              -49.5028,
              -25.1953
            ],
            [
              -49.5015,
              -25.1968
            ],
            [
              -49.5002,
              -25.1959
            ],
            [
              -49.4988,
              -25.1966
            ],
            [
              -49.4925,
              -25.1971
            ],
            [
              -49.4908,
              -25.1977
            ],
            [
              -49.4918,
              -25.1949
            ],
            [
              -49.4909,
              -25.1935
            ],
            [
              -49.4926,
              -25.1923
            ],
            [
              -49.4906,
              -25.1908
            ],
            [
              -49.4894,
              -25.1889
            ],
            [
              -49.4895,
              -25.1875
            ],
            [
              -49.4878,
              -25.1865
            ],
            [
              -49.4882,
              -25.1851
            ],
            [
              -49.4875,
              -25.1841
            ],
            [
              -49.4843,
              -25.1819
            ],
            [
              -49.4833,
              -25.1817
            ],
            [
              -49.4818,
              -25.18
            ],
            [
              -49.4801,
              -25.1823
            ],
            [
              -49.4786,
              -25.1827
            ],
            [
              -49.4773,
              -25.1818
            ],
            [
              -49.4757,
              -25.183
            ],
            [
              -49.4739,
              -25.1822
            ],
            [
              -49.4743,
              -25.1805
            ],
            [
              -49.4732,
              -25.1803
            ],
            [
              -49.4704,
              -25.1836
            ],
            [
              -49.4667,
              -25.1846
            ],
            [
              -49.4656,
              -25.1874
            ],
            [
              -49.4641,
              -25.1869
            ],
            [
              -49.4627,
              -25.1875
            ],
            [
              -49.4616,
              -25.1894
            ],
            [
              -49.463,
              -25.1919
            ],
            [
              -49.4622,
              -25.1948
            ],
            [
              -49.4614,
              -25.1954
            ],
            [
              -49.4579,
              -25.1947
            ],
            [
              -49.4557,
              -25.1956
            ],
            [
              -49.4551,
              -25.1971
            ],
            [
              -49.4534,
              -25.1982
            ],
            [
              -49.4538,
              -25.1997
            ],
            [
              -49.4521,
              -25.2002
            ],
            [
              -49.4506,
              -25.1999
            ],
            [
              -49.4495,
              -25.2013
            ],
            [
              -49.4506,
              -25.2026
            ],
            [
              -49.4516,
              -25.2027
            ],
            [
              -49.4489,
              -25.2056
            ],
            [
              -49.4484,
              -25.2074
            ],
            [
              -49.449,
              -25.2102
            ],
            [
              -49.4508,
              -25.2127
            ],
            [
              -49.452,
              -25.2135
            ],
            [
              -49.4512,
              -25.2145
            ],
            [
              -49.4516,
              -25.2158
            ],
            [
              -49.453,
              -25.2175
            ],
            [
              -49.454,
              -25.2196
            ],
            [
              -49.4558,
              -25.2213
            ],
            [
              -49.4534,
              -25.2244
            ],
            [
              -49.4516,
              -25.2259
            ],
            [
              -49.447,
              -25.2281
            ],
            [
              -49.4457,
              -25.2307
            ],
            [
              -49.4474,
              -25.2319
            ],
            [
              -49.4491,
              -25.2345
            ],
            [
              -49.4507,
              -25.2352
            ],
            [
              -49.4517,
              -25.238
            ],
            [
              -49.4506,
              -25.2396
            ],
            [
              -49.4508,
              -25.2412
            ],
            [
              -49.4522,
              -25.2422
            ],
            [
              -49.4522,
              -25.2438
            ],
            [
              -49.4506,
              -25.2429
            ],
            [
              -49.4492,
              -25.2438
            ],
            [
              -49.4468,
              -25.2439
            ],
            [
              -49.4462,
              -25.2447
            ],
            [
              -49.4432,
              -25.2451
            ],
            [
              -49.4415,
              -25.2441
            ],
            [
              -49.4376,
              -25.2445
            ],
            [
              -49.4354,
              -25.2424
            ],
            [
              -49.4338,
              -25.2437
            ],
            [
              -49.4319,
              -25.2445
            ],
            [
              -49.4311,
              -25.2437
            ],
            [
              -49.4287,
              -25.244
            ],
            [
              -49.4267,
              -25.246
            ],
            [
              -49.4252,
              -25.2459
            ],
            [
              -49.4226,
              -25.2472
            ],
            [
              -49.4219,
              -25.2469
            ],
            [
              -49.4186,
              -25.2499
            ],
            [
              -49.4162,
              -25.2499
            ],
            [
              -49.4146,
              -25.2492
            ],
            [
              -49.4119,
              -25.2527
            ],
            [
              -49.4097,
              -25.2508
            ],
            [
              -49.4081,
              -25.2515
            ],
            [
              -49.4084,
              -25.2532
            ],
            [
              -49.4067,
              -25.2551
            ],
            [
              -49.405,
              -25.2556
            ],
            [
              -49.4041,
              -25.2552
            ],
            [
              -49.4028,
              -25.2567
            ],
            [
              -49.4022,
              -25.2587
            ],
            [
              -49.4003,
              -25.2595
            ],
            [
              -49.3992,
              -25.2609
            ],
            [
              -49.3967,
              -25.2618
            ],
            [
              -49.3954,
              -25.2616
            ],
            [
              -49.3923,
              -25.2625
            ],
            [
              -49.3906,
              -25.2633
            ],
            [
              -49.3894,
              -25.2613
            ],
            [
              -49.3859,
              -25.2609
            ],
            [
              -49.3801,
              -25.2586
            ],
            [
              -49.3784,
              -25.2582
            ],
            [
              -49.3771,
              -25.2572
            ],
            [
              -49.3764,
              -25.2559
            ],
            [
              -49.3734,
              -25.255
            ],
            [
              -49.3721,
              -25.2557
            ],
            [
              -49.3711,
              -25.2544
            ],
            [
              -49.3708,
              -25.2518
            ],
            [
              -49.3661,
              -25.2491
            ],
            [
              -49.3609,
              -25.2465
            ],
            [
              -49.3565,
              -25.2432
            ],
            [
              -49.3552,
              -25.2407
            ],
            [
              -49.3535,
              -25.2391
            ],
            [
              -49.3532,
              -25.2382
            ],
            [
              -49.3514,
              -25.2355
            ],
            [
              -49.3496,
              -25.2342
            ],
            [
              -49.3492,
              -25.2324
            ],
            [
              -49.3478,
              -25.2335
            ],
            [
              -49.3444,
              -25.235
            ],
            [
              -49.342,
              -25.2374
            ],
            [
              -49.3411,
              -25.2394
            ],
            [
              -49.3383,
              -25.2413
            ],
            [
              -49.3362,
              -25.2413
            ],
            [
              -49.335,
              -25.2406
            ],
            [
              -49.331,
              -25.2373
            ],
            [
              -49.3288,
              -25.238
            ],
            [
              -49.3269,
              -25.238
            ],
            [
              -49.3252,
              -25.2374
            ],
            [
              -49.3225,
              -25.2346
            ],
            [
              -49.3222,
              -25.2319
            ],
            [
              -49.3211,
              -25.2311
            ]
          ]
        ]
      }
    },
    {
      "type": "Feature",
      "properties": {
        "codarea": "4119152",
        "name": "Pinhais"
      },
      "geometry": {
        "type": "Polygon",
        "coordinates": [
          [
            [
              -49.1199,
              -25.3784
            ],
            [
              -49.1238,
              -25.381
            ],
            [
              -49.1312,
              -25.3828
            ],
            [
              -49.1346,
              -25.3831
            ],
            [
              -49.1356,
              -25.3845
            ],
            [
              -49.139,
              -25.3869
            ],
            [
              -49.1415,
              -25.389
            ],
            [
              -49.1446,
              -25.3891
            ],
            [
              -49.1614,
              -25.3918
            ],
            [
              -49.1637,
              -25.3924
            ],
            [
              -49.1808,
              -25.3937
            ],
            [
              -49.183,
              -25.3931
            ],
            [
              -49.192,
              -25.3898
            ],
            [
              -49.1935,
              -25.3903
            ],
            [
              -49.1932,
              -25.3949
            ],
            [
              -49.194,
              -25.4002
            ],
            [
              -49.1945,
              -25.4015
            ],
            [
              -49.1949,
              -25.4066
            ],
            [
              -49.1985,
              -25.4123
            ],
            [
              -49.1971,
              -25.4155
            ],
            [
              -49.1981,
              -25.418
            ],
            [
              -49.1983,
              -25.4197
            ],
            [
              -49.1979,
              -25.4249
            ],
            [
              -49.1985,
              -25.4263
            ],
            [
              -49.2031,
              -25.4307
            ],
            [
              -49.2028,
              -25.4341
            ],
            [
              -49.2033,
              -25.4356
            ],
            [
              -49.2008,
              -25.4416
            ],
            [
              -49.2002,
              -25.4445
            ],
            [
              -49.1991,
              -25.4456
            ],
            [
              -49.1985,
              -25.4506
            ],
            [
              -49.1926,
              -25.4586
            ],
            [
              -49.1897,
              -25.467
            ],
            [
              -49.1881,
              -25.4683
            ],
            [
              -49.1852,
              -25.4715
            ],
            [
              -49.1842,
              -25.4707
            ],
            [
              -49.1818,
              -25.4667
            ],
            [
              -49.1756,
              -25.4626
            ],
            [
              -49.1738,
              -25.4596
            ],
            [
              -49.1705,
              -25.453
            ],
            [
              -49.1625,
              -25.4487
            ],
            [
              -49.163,
              -25.4474
            ],
            [
              -49.1607,
              -25.4464
            ],
            [
              -49.1591,
              -25.4463
            ],
            [
              -49.1574,
              -25.4475
            ],
            [
              -49.1565,
              -25.4458
            ],
            [
              -49.1551,
              -25.446
            ],
            [
              -49.1548,
              -25.4448
            ],
            [
              -49.1513,
              -25.445
            ],
            [
              -49.1498,
              -25.4445
            ],
            [
              -49.1489,
              -25.4451
            ],
            [
              -49.1467,
              -25.4451
            ],
            [
              -49.1456,
              -25.4441
            ],
            [
              -49.1434,
              -25.4447
            ],
            [
              -49.1414,
              -25.4435
            ],
            [
              -49.1359,
              -25.4447
            ],
            [
              -49.135,
              -25.4432
            ],
            [
              -49.1332,
              -25.4434
            ],
            [
              -49.1325,
              -25.4426
            ],
            [
              -49.1292,
              -25.4436
            ],
            [
              -49.1285,
              -25.4448
            ],
            [
              -49.1247,
              -25.4468
            ],
            [
              -49.1224,
              -25.4467
            ],
            [
              -49.1209,
              -25.4456
            ],
            [
              -49.1213,
              -25.4444
            ],
            [
              -49.1206,
              -25.4436
            ],
            [
              -49.1175,
              -25.442
            ],
            [
              -49.118,
              -25.4411
            ],
            [
              -49.1159,
              -25.4401
            ],
            [
              -49.117,
              -25.4376
            ],
            [
              -49.1147,
              -25.4345
            ],
            [
              -49.1154,
              -25.4324
            ],
            [
              -49.1153,
              -25.4307
            ],
            [
              -49.1133,
              -25.4288
            ],
            [
              -49.1138,
              -25.4278
            ],
            [
              -49.1134,
              -25.4257
            ],
            [
              -49.1125,
              -25.425
            ],
            [
              -49.1107,
              -25.4208
            ],
            [
              -49.1097,
              -25.4192
            ],
            [
              -49.1111,
              -25.4171
            ],
            [
              -49.1106,
              -25.413
            ],
            [
              -49.109,
              -25.412
            ],
            [
              -49.1086,
              -25.4106
            ],
            [
              -49.1097,
              -25.4086
            ],
            [
              -49.109,
              -25.4079
            ],
            [
              -49.109,
              -25.4052
            ],
            [
              -49.11,
              -25.4016
            ],
            [
              -49.1095,
              -25.4005
            ],
            [
              -49.1077,
              -25.3996
            ],
            [
              -49.1042,
              -25.396
            ],
            [
              -49.104,
              -25.3942
            ],
            [
              -49.1069,
              -25.3862
            ],
            [
              -49.1099,
              -25.3855
            ],
            [
              -49.1132,
              -25.3821
            ],
            [
              -49.1188,
              -25.3797
            ],
            [
              -49.1199,
              -25.3784
            ]
          ]
        ]
      }
    },
    {
      "type": "Feature",
      "properties": {
        "codarea": "4119509",
        "name": "Piraquara"
      },
      "geometry": {
        "type": "Polygon",
        "coordinates": [
          [
            [
              -49.1756,
              -25.4626
            ],
            [
              -49.1713,
              -25.4653
            ],
            [
              -49.1701,
              -25.4663
            ],
            [
              -49.169,
              -25.4662
            ],
            [
              -49.1665,
              -25.4672
            ],
            [
              -49.1642,
              -25.4661
            ],
            [
              -49.163,
              -25.4668
            ],
            [
              -49.1619,
              -25.4664
            ],
            [
              -49.1587,
              -25.4689
            ],
            [
              -49.1575,
              -25.4685
            ],
            [
              -49.1538,
              -25.4694
            ],
            [
              -49.1494,
              -25.4711
            ],
            [
              -49.1481,
              -25.4719
            ],
            [
              -49.1456,
              -25.4727
            ],
            [
              -49.1403,
              -25.4734
            ],
            [
              -49.1399,
              -25.4753
            ],
            [
              -49.1406,
              -25.4762
            ],
            [
              -49.138,
              -25.4799
            ],
            [
              -49.1364,
              -25.4797
            ],
            [
              -49.1371,
              -25.4817
            ],
            [
              -49.1352,
              -25.485
            ],
            [
              -49.135,
              -25.4872
            ],
            [
              -49.1337,
              -25.4901
            ],
            [
              -49.1337,
              -25.4919
            ],
            [
              -49.1344,
              -25.4936
            ],
            [
              -49.1332,
              -25.4942
            ],
            [
              -49.1316,
              -25.4967
            ],
            [
              -49.1295,
              -25.4978
            ],
            [
              -49.1289,
              -25.4971
            ],
            [
              -49.1262,
              -25.4967
            ],
            [
              -49.1248,
              -25.4973
            ],
            [
              -49.1226,
              -25.4996
            ],
            [
              -49.1223,
              -25.501
            ],
            [
              -49.1209,
              -25.5025
            ],
            [
              -49.1193,
              -25.5032
            ],
            [
              -49.1184,
              -25.5043
            ],
            [
              -49.1166,
              -25.5046
            ],
            [
              -49.116,
              -25.5065
            ],
            [
              -49.114,
              -25.5075
            ],
            [
              -49.1129,
              -25.5089
            ],
            [
              -49.1099,
              -25.5111
            ],
            [
              -49.1094,
              -25.5127
            ],
            [
              -49.1076,
              -25.5157
            ],
            [
              -49.1058,
              -25.5156
            ],
            [
              -49.1031,
              -25.5161
            ],
            [
              -49.1009,
              -25.5191
            ],
            [
              -49.099,
              -25.5196
            ],
            [
              -49.0939,
              -25.5223
            ],
            [
              -49.0919,
              -25.5245
            ],
            [
              -49.0874,
              -25.5268
            ],
            [
              -49.0864,
              -25.5283
            ],
            [
              -49.0848,
              -25.5284
            ],
            [
              -49.0857,
              -25.5303
            ],
            [
              -49.0765,
              -25.5343
            ],
            [
              -49.0763,
              -25.5353
            ],
            [
              -49.0721,
              -25.538
            ],
            [
              -49.071,
              -25.5397
            ],
            [
              -49.0697,
              -25.5395
            ],
            [
              -49.0683,
              -25.5408
            ],
            [
              -49.0665,
              -25.5411
            ],
            [
              -49.0655,
              -25.5402
            ],
            [
              -49.0651,
              -25.5385
            ],
            [
              -49.0632,
              -25.5392
            ],
            [
              -49.0607,
              -25.539
            ],
            [
              -49.0593,
              -25.5396
            ],
            [
              -49.0584,
              -25.5391
            ],
            [
              -49.0572,
              -25.5401
            ],
            [
              -49.055,
              -25.5391
            ],
            [
              -49.0543,
              -25.5407
            ],
            [
              -49.0528,
              -25.543
            ],
            [
              -49.0539,
              -25.5449
            ],
            [
              -49.0526,
              -25.5461
            ],
            [
              -49.0495,
              -25.548
            ],
            [
              -49.0481,
              -25.5483
            ],
            [
              -49.0453,
              -25.547
            ],
            [
              -49.045,
              -25.5459
            ],
            [
              -49.0435,
              -25.5431
            ],
            [
              -49.0432,
              -25.5418
            ],
            [
              -49.039,
              -25.5428
            ],
            [
              -49.0373,
              -25.5442
            ],
            [
              -49.0352,
              -25.5449
            ],
            [
              -49.0334,
              -25.5446
            ],
            [
              -49.0324,
              -25.5457
            ],
            [
              -49.0275,
              -25.5485
            ],
            [
              -49.0263,
              -25.5489
            ],
            [
              -49.0244,
              -25.5506
            ],
            [
              -49.023,
              -25.548
            ],
            [
              -49.0204,
              -25.5471
            ],
            [
              -49.0183,
              -25.5433
            ],
            [
              -49.0124,
              -25.542
            ],
            [
              -49.0095,
              -25.5398
            ],
            [
              -49.0081,
              -25.54
            ],
            [
              -49.0052,
              -25.5415
            ],
            [
              -49.0001,
              -25.5394
            ],
            [
              -48.9986,
              -25.5399
            ],
            [
              -48.9962,
              -25.5416
            ],
            [
              -48.9939,
              -25.5412
            ],
            [
              -48.9919,
              -25.5392
            ],
            [
              -48.9914,
              -25.5369
            ],
            [
              -48.992,
              -25.5358
            ],
            [
              -48.9897,
              -25.5337
            ],
            [
              -48.9854,
              -25.5322
            ],
            [
              -48.9847,
              -25.5303
            ],
            [
              -48.9839,
              -25.5296
            ],
            [
              -48.9801,
              -25.5294
            ],
            [
              -48.977,
              -25.5283
            ],
            [
              -48.9753,
              -25.5266
            ],
            [
              -48.9734,
              -25.5259
            ],
            [
              -48.9702,
              -25.5226
            ],
            [
              -48.9717,
              -25.5206
            ],
            [
              -48.9733,
              -25.5197
            ],
            [
              -48.9735,
              -25.5188
            ],
            [
              -48.9712,
              -25.5157
            ],
            [
              -48.9706,
              -25.5138
            ],
            [
              -48.9712,
              -25.5121
            ],
            [
              -48.9749,
              -25.5086
            ],
            [
              -48.9736,
              -25.5082
            ],
            [
              -48.9715,
              -25.5065
            ],
            [
              -48.9682,
              -25.5043
            ],
            [
              -48.9658,
              -25.5022
            ],
            [
              -48.9658,
              -25.5012
            ],
            [
              -48.9671,
              -25.4995
            ],
            [
              -48.9655,
              -25.498
            ],
            [
              -48.9648,
              -25.494
            ],
            [
              -48.9642,
              -25.4917
            ],
            [
              -48.9626,
              -25.4916
            ],
            [
              -48.9612,
              -25.4921
            ],
            [
              -48.9594,
              -25.4917
            ],
            [
              -48.9563,
              -25.4899
            ],
            [
              -48.9555,
              -25.4886
            ],
            [
              -48.9562,
              -25.4854
            ],
            [
              -48.9552,
              -25.4839
            ],
            [
              -48.9534,
              -25.4837
            ],
            [
              -48.9512,
              -25.4847
            ],
            [
              -48.9489,
              -25.4863
            ],
            [
              -48.9475,
              -25.4857
            ],
            [
              -48.9475,
              -25.4815
            ],
            [
              -48.9457,
              -25.4805
            ],
            [
              -48.9453,
              -25.4788
            ],
            [
              -48.9435,
              -25.4772
            ],
            [
              -48.941,
              -25.4758
            ],
            [
              -48.9434,
              -25.4754
            ],
            [
              -48.9451,
              -25.4737
            ],
            [
              -48.9475,
              -25.4722
            ],
            [
              -48.9512,
              -25.4702
            ],
            [
              -48.9502,
              -25.4653
            ],
            [
              -48.9508,
              -25.4639
            ],
            [
              -48.9523,
              -25.4625
            ],
            [
              -48.9559,
              -25.4598
            ],
            [
              -48.9558,
              -25.458
            ],
            [
              -48.9537,
              -25.4568
            ],
            [
              -48.9539,
              -25.4549
            ],
            [
              -48.9566,
              -25.4551
            ],
            [
              -48.9589,
              -25.4532
            ],
            [
              -48.9629,
              -25.4512
            ],
            [
              -48.9632,
              -25.4505
            ],
            [
              -48.9629,
              -25.4447
            ],
            [
              -48.9653,
              -25.4447
            ],
            [
              -48.9659,
              -25.4434
            ],
            [
              -49.0005,
              -25.4357
            ],
            [
              -49.0081,
              -25.4376
            ],
            [
              -49.01,
              -25.4406
            ],
            [
              -49.0126,
              -25.4395
            ],
            [
              -49.0166,
              -25.4368
            ],
            [
              -49.0206,
              -25.4336
            ],
            [
              -49.0239,
              -25.4258
            ],
            [
              -49.0252,
              -25.4247
            ],
            [
              -49.0273,
              -25.4237
            ],
            [
              -49.0291,
              -25.4216
            ],
            [
              -49.0322,
              -25.4203
            ],
            [
              -49.0343,
              -25.4211
            ],
            [
              -49.0364,
              -25.4196
            ],
            [
              -49.037,
              -25.417
            ],
            [
              -49.0361,
              -25.4128
            ],
            [
              -49.0358,
              -25.4097
            ],
            [
              -49.0375,
              -25.4082
            ],
            [
              -49.0403,
              -25.4046
            ],
            [
              -49.0407,
              -25.4025
            ],
            [
              -49.043,
              -25.4016
            ],
            [
              -49.0454,
              -25.3998
            ],
            [
              -49.0491,
              -25.3995
            ],
            [
              -49.053,
              -25.4
            ],
            [
              -49.0548,
              -25.3995
            ],
            [
              -49.059,
              -25.3962
            ],
            [
              -49.0629,
              -25.3951
            ],
            [
              -49.0651,
              -25.3952
            ],
            [
              -49.0664,
              -25.3946
            ],
            [
              -49.0672,
              -25.3935
            ],
            [
              -49.0697,
              -25.3926
            ],
            [
              -49.0718,
              -25.3923
            ],
            [
              -49.0752,
              -25.3898
            ],
            [
              -49.0765,
              -25.3893
            ],
            [
              -49.0834,
              -25.3884
            ],
            [
              -49.0875,
              -25.3865
            ],
            [
              -49.0895,
              -25.3864
            ],
            [
              -49.0922,
              -25.3872
            ],
            [
              -49.0949,
              -25.3886
            ],
            [
              -49.0956,
              -25.39
            ],
            [
              -49.1017,
              -25.3927
            ],
            [
              -49.104,
              -25.3942
            ],
            [
              -49.1042,
              -25.396
            ],
            [
              -49.1077,
              -25.3996
            ],
            [
              -49.1095,
              -25.4005
            ],
            [
              -49.11,
              -25.4016
            ],
            [
              -49.109,
              -25.4052
            ],
            [
              -49.109,
              -25.4079
            ],
            [
              -49.1097,
              -25.4086
            ],
            [
              -49.1086,
              -25.4106
            ],
            [
              -49.109,
              -25.412
            ],
            [
              -49.1106,
              -25.413
            ],
            [
              -49.1111,
              -25.4171
            ],
            [
              -49.1097,
              -25.4192
            ],
            [
              -49.1107,
              -25.4208
            ],
            [
              -49.1125,
              -25.425
            ],
            [
              -49.1134,
              -25.4257
            ],
            [
              -49.1138,
              -25.4278
            ],
            [
              -49.1133,
              -25.4288
            ],
            [
              -49.1153,
              -25.4307
            ],
            [
              -49.1154,
              -25.4324
            ],
            [
              -49.1147,
              -25.4345
            ],
            [
              -49.117,
              -25.4376
            ],
            [
              -49.1159,
              -25.4401
            ],
            [
              -49.118,
              -25.4411
            ],
            [
              -49.1175,
              -25.442
            ],
            [
              -49.1206,
              -25.4436
            ],
            [
              -49.1213,
              -25.4444
            ],
            [
              -49.1209,
              -25.4456
            ],
            [
              -49.1224,
              -25.4467
            ],
            [
              -49.1247,
              -25.4468
            ],
            [
              -49.1285,
              -25.4448
            ],
            [
              -49.1292,
              -25.4436
            ],
            [
              -49.1325,
              -25.4426
            ],
            [
              -49.1332,
              -25.4434
            ],
            [
              -49.135,
              -25.4432
            ],
            [
              -49.1359,
              -25.4447
            ],
            [
              -49.1414,
              -25.4435
            ],
            [
              -49.1434,
              -25.4447
            ],
            [
              -49.1456,
              -25.4441
            ],
            [
              -49.1467,
              -25.4451
            ],
            [
              -49.1489,
              -25.4451
            ],
            [
              -49.1498,
              -25.4445
            ],
            [
              -49.1513,
              -25.445
            ],
            [
              -49.1548,
              -25.4448
            ],
            [
              -49.1551,
              -25.446
            ],
            [
              -49.1565,
              -25.4458
            ],
            [
              -49.1574,
              -25.4475
            ],
            [
              -49.1591,
              -25.4463
            ],
            [
              -49.1607,
              -25.4464
            ],
            [
              -49.163,
              -25.4474
            ],
            [
              -49.1625,
              -25.4487
            ],
            [
              -49.1705,
              -25.453
            ],
            [
              -49.1738,
              -25.4596
            ],
            [
              -49.1756,
              -25.4626
            ]
          ]
        ]
      }
    },
    {
      "type": "Feature",
      "properties": {
        "codarea": "4120804",
        "name": "Quatro Barras"
      },
      "geometry": {
        "type": "Polygon",
        "coordinates": [
          [
            [
              -49.104,
              -25.3942
            ],
            [
              -49.1017,
              -25.3927
            ],
            [
              -49.0956,
              -25.39
            ],
            [
              -49.0949,
              -25.3886
            ],
            [
              -49.0922,
              -25.3872
            ],
            [
              -49.0895,
              -25.3864
            ],
            [
              -49.0875,
              -25.3865
            ],
            [
              -49.0834,
              -25.3884
            ],
            [
              -49.0765,
              -25.3893
            ],
            [
              -49.0752,
              -25.3898
            ],
            [
              -49.0718,
              -25.3923
            ],
            [
              -49.0697,
              -25.3926
            ],
            [
              -49.0672,
              -25.3935
            ],
            [
              -49.0664,
              -25.3946
            ],
            [
              -49.0651,
              -25.3952
            ],
            [
              -49.0629,
              -25.3951
            ],
            [
              -49.059,
              -25.3962
            ],
            [
              -49.0548,
              -25.3995
            ],
            [
              -49.053,
              -25.4
            ],
            [
              -49.0491,
              -25.3995
            ],
            [
              -49.0454,
              -25.3998
            ],
            [
              -49.043,
              -25.4016
            ],
            [
              -49.0407,
              -25.4025
            ],
            [
              -49.0403,
              -25.4046
            ],
            [
              -49.0375,
              -25.4082
            ],
            [
              -49.0358,
              -25.4097
            ],
            [
              -49.0361,
              -25.4128
            ],
            [
              -49.037,
              -25.417
            ],
            [
              -49.0364,
              -25.4196
            ],
            [
              -49.0343,
              -25.4211
            ],
            [
              -49.0322,
              -25.4203
            ],
            [
              -49.0291,
              -25.4216
            ],
            [
              -49.0273,
              -25.4237
            ],
            [
              -49.0252,
              -25.4247
            ],
            [
              -49.0239,
              -25.4258
            ],
            [
              -49.0206,
              -25.4336
            ],
            [
              -49.0166,
              -25.4368
            ],
            [
              -49.0126,
              -25.4395
            ],
            [
              -49.01,
              -25.4406
            ],
            [
              -49.0081,
              -25.4376
            ],
            [
              -49.0005,
              -25.4357
            ],
            [
              -48.9659,
              -25.4434
            ],
            [
              -48.9653,
              -25.4447
            ],
            [
              -48.9629,
              -25.4447
            ],
            [
              -48.9624,
              -25.4404
            ],
            [
              -48.9632,
              -25.4378
            ],
            [
              -48.9652,
              -25.4336
            ],
            [
              -48.9658,
              -25.4309
            ],
            [
              -48.9667,
              -25.4302
            ],
            [
              -48.9691,
              -25.43
            ],
            [
              -48.969,
              -25.4275
            ],
            [
              -48.9685,
              -25.4267
            ],
            [
              -48.9662,
              -25.4267
            ],
            [
              -48.9647,
              -25.4272
            ],
            [
              -48.9595,
              -25.4251
            ],
            [
              -48.9574,
              -25.4221
            ],
            [
              -48.9561,
              -25.4208
            ],
            [
              -48.9496,
              -25.4181
            ],
            [
              -48.9487,
              -25.4171
            ],
            [
              -48.9508,
              -25.4162
            ],
            [
              -48.9539,
              -25.4135
            ],
            [
              -48.9545,
              -25.4121
            ],
            [
              -48.9535,
              -25.4091
            ],
            [
              -48.9517,
              -25.4079
            ],
            [
              -48.9493,
              -25.4078
            ],
            [
              -48.9485,
              -25.4072
            ],
            [
              -48.9472,
              -25.405
            ],
            [
              -48.9478,
              -25.4025
            ],
            [
              -48.9497,
              -25.4015
            ],
            [
              -48.948,
              -25.3992
            ],
            [
              -48.9463,
              -25.3955
            ],
            [
              -48.943,
              -25.392
            ],
            [
              -48.9431,
              -25.3904
            ],
            [
              -48.9445,
              -25.3892
            ],
            [
              -48.9447,
              -25.3882
            ],
            [
              -48.9425,
              -25.3866
            ],
            [
              -48.9374,
              -25.3872
            ],
            [
              -48.9365,
              -25.3868
            ],
            [
              -48.9364,
              -25.3844
            ],
            [
              -48.9307,
              -25.3806
            ],
            [
              -48.9289,
              -25.3823
            ],
            [
              -48.9276,
              -25.3842
            ],
            [
              -48.9257,
              -25.3833
            ],
            [
              -48.9225,
              -25.3809
            ],
            [
              -48.919,
              -25.3794
            ],
            [
              -48.9182,
              -25.3768
            ],
            [
              -48.9166,
              -25.3743
            ],
            [
              -48.9147,
              -25.3706
            ],
            [
              -48.9146,
              -25.3685
            ],
            [
              -48.9126,
              -25.3687
            ],
            [
              -48.9113,
              -25.3622
            ],
            [
              -48.9088,
              -25.3599
            ],
            [
              -48.9067,
              -25.357
            ],
            [
              -48.9066,
              -25.3563
            ],
            [
              -48.9078,
              -25.3545
            ],
            [
              -48.9078,
              -25.3528
            ],
            [
              -48.9059,
              -25.3515
            ],
            [
              -48.9018,
              -25.3505
            ],
            [
              -48.8997,
              -25.349
            ],
            [
              -48.899,
              -25.3463
            ],
            [
              -48.8997,
              -25.3437
            ],
            [
              -48.9008,
              -25.3421
            ],
            [
              -48.9013,
              -25.3399
            ],
            [
              -48.8996,
              -25.3382
            ],
            [
              -48.8996,
              -25.3358
            ],
            [
              -48.9009,
              -25.3341
            ],
            [
              -48.9028,
              -25.3327
            ],
            [
              -48.9041,
              -25.3324
            ],
            [
              -48.9064,
              -25.333
            ],
            [
              -48.9094,
              -25.3332
            ],
            [
              -48.9115,
              -25.3323
            ],
            [
              -48.9184,
              -25.3271
            ],
            [
              -48.9193,
              -25.3253
            ],
            [
              -48.9263,
              -25.3212
            ],
            [
              -48.9322,
              -25.313
            ],
            [
              -48.935,
              -25.3109
            ],
            [
              -48.9381,
              -25.3099
            ],
            [
              -48.9418,
              -25.3093
            ],
            [
              -48.9465,
              -25.305
            ],
            [
              -48.949,
              -25.3053
            ],
            [
              -48.9519,
              -25.3049
            ],
            [
              -48.963,
              -25.3028
            ],
            [
              -48.964,
              -25.3028
            ],
            [
              -48.9805,
              -25.3078
            ],
            [
              -48.9817,
              -25.3079
            ],
            [
              -48.995,
              -25.3059
            ],
            [
              -48.9974,
              -25.3068
            ],
            [
              -49.0029,
              -25.3108
            ],
            [
              -49.005,
              -25.3109
            ],
            [
              -49.009,
              -25.3102
            ],
            [
              -49.0132,
              -25.3105
            ],
            [
              -49.0145,
              -25.311
            ],
            [
              -49.0165,
              -25.3125
            ],
            [
              -49.0185,
              -25.317
            ],
            [
              -49.0194,
              -25.3183
            ],
            [
              -49.0226,
              -25.3203
            ],
            [
              -49.0253,
              -25.3237
            ],
            [
              -49.0366,
              -25.3373
            ],
            [
              -49.0427,
              -25.3436
            ],
            [
              -49.0449,
              -25.3456
            ],
            [
              -49.0479,
              -25.3473
            ],
            [
              -49.0591,
              -25.351
            ],
            [
              -49.0609,
              -25.3518
            ],
            [
              -49.0677,
              -25.3562
            ],
            [
              -49.078,
              -25.3609
            ],
            [
              -49.0839,
              -25.3634
            ],
            [
              -49.0866,
              -25.3643
            ],
            [
              -49.0917,
              -25.3654
            ],
            [
              -49.1067,
              -25.3681
            ],
            [
              -49.1131,
              -25.3692
            ],
            [
              -49.1239,
              -25.3706
            ],
            [
              -49.1221,
              -25.3729
            ],
            [
              -49.1199,
              -25.3784
            ],
            [
              -49.1188,
              -25.3797
            ],
            [
              -49.1132,
              -25.3821
            ],
            [
              -49.1099,
              -25.3855
            ],
            [
              -49.1069,
              -25.3862
            ],
            [
              -49.104,
              -25.3942
            ]
          ]
        ]
      }
    },
    {
      "type": "Feature",
      "properties": {
        "codarea": "4122206",
        "name": "Rio Branco do Sul"
      },
      "geometry": {
        "type": "Polygon",
        "coordinates": [
          [
            [
              -49.3211,
              -25.2311
            ],
            [
              -49.3188,
              -25.231
            ],
            [
              -49.3139,
              -25.2327
            ],
            [
              -49.3122,
              -25.2317
            ],
            [
              -49.3123,
              -25.2289
            ],
            [
              -49.3105,
              -25.2278
            ],
            [
              -49.3072,
              -25.2288
            ],
            [
              -49.3049,
              -25.2281
            ],
            [
              -49.3027,
              -25.2252
            ],
            [
              -49.3015,
              -25.2246
            ],
            [
              -49.2989,
              -25.2258
            ],
            [
              -49.2975,
              -25.226
            ],
            [
              -49.2971,
              -25.2248
            ],
            [
              -49.2951,
              -25.225
            ],
            [
              -49.2933,
              -25.2245
            ],
            [
              -49.2885,
              -25.2248
            ],
            [
              -49.2868,
              -25.2261
            ],
            [
              -49.2802,
              -25.2287
            ],
            [
              -49.2785,
              -25.2299
            ],
            [
              -49.2759,
              -25.2305
            ],
            [
              -49.2731,
              -25.2299
            ],
            [
              -49.2709,
              -25.2314
            ],
            [
              -49.2699,
              -25.2327
            ],
            [
              -49.268,
              -25.2328
            ],
            [
              -49.2657,
              -25.2316
            ],
            [
              -49.2639,
              -25.2321
            ],
            [
              -49.2619,
              -25.2333
            ],
            [
              -49.2604,
              -25.233
            ],
            [
              -49.2594,
              -25.2312
            ],
            [
              -49.2579,
              -25.2319
            ],
            [
              -49.2566,
              -25.2315
            ],
            [
              -49.2537,
              -25.2331
            ],
            [
              -49.2537,
              -25.2339
            ],
            [
              -49.2514,
              -25.2343
            ],
            [
              -49.2458,
              -25.2338
            ],
            [
              -49.2442,
              -25.2322
            ],
            [
              -49.2436,
              -25.2302
            ],
            [
              -49.2424,
              -25.2297
            ],
            [
              -49.2419,
              -25.2282
            ],
            [
              -49.2406,
              -25.2279
            ],
            [
              -49.2397,
              -25.2264
            ],
            [
              -49.2384,
              -25.2258
            ],
            [
              -49.2371,
              -25.2275
            ],
            [
              -49.2359,
              -25.2282
            ],
            [
              -49.2363,
              -25.231
            ],
            [
              -49.2342,
              -25.2324
            ],
            [
              -49.2317,
              -25.23
            ],
            [
              -49.2296,
              -25.2308
            ],
            [
              -49.2261,
              -25.2314
            ],
            [
              -49.2251,
              -25.2307
            ],
            [
              -49.222,
              -25.2305
            ],
            [
              -49.2211,
              -25.2098
            ],
            [
              -49.2014,
              -25.2043
            ],
            [
              -49.2,
              -25.2026
            ],
            [
              -49.1938,
              -25.2026
            ],
            [
              -49.1872,
              -25.1989
            ],
            [
              -49.1839,
              -25.1994
            ],
            [
              -49.1813,
              -25.198
            ],
            [
              -49.1778,
              -25.198
            ],
            [
              -49.1766,
              -25.1963
            ],
            [
              -49.1755,
              -25.1958
            ],
            [
              -49.1756,
              -25.1938
            ],
            [
              -49.1745,
              -25.1925
            ],
            [
              -49.173,
              -25.1918
            ],
            [
              -49.169,
              -25.1914
            ],
            [
              -49.1641,
              -25.1899
            ],
            [
              -49.1619,
              -25.1859
            ],
            [
              -49.1581,
              -25.1826
            ],
            [
              -49.1583,
              -25.1808
            ],
            [
              -49.1622,
              -25.1772
            ],
            [
              -49.1634,
              -25.1752
            ],
            [
              -49.1664,
              -25.1728
            ],
            [
              -49.1673,
              -25.1725
            ],
            [
              -49.1719,
              -25.1724
            ],
            [
              -49.1762,
              -25.1703
            ],
            [
              -49.1774,
              -25.1689
            ],
            [
              -49.1789,
              -25.1654
            ],
            [
              -49.1783,
              -25.1644
            ],
            [
              -49.1694,
              -25.1596
            ],
            [
              -49.1672,
              -25.1576
            ],
            [
              -49.1643,
              -25.1586
            ],
            [
              -49.1626,
              -25.158
            ],
            [
              -49.1603,
              -25.1562
            ],
            [
              -49.1585,
              -25.153
            ],
            [
              -49.155,
              -25.152
            ],
            [
              -49.1523,
              -25.1496
            ],
            [
              -49.1461,
              -25.15
            ],
            [
              -49.1438,
              -25.1488
            ],
            [
              -49.1423,
              -25.1473
            ],
            [
              -49.1385,
              -25.1467
            ],
            [
              -49.1355,
              -25.1455
            ],
            [
              -49.1335,
              -25.143
            ],
            [
              -49.1324,
              -25.1387
            ],
            [
              -49.1314,
              -25.1378
            ],
            [
              -49.1297,
              -25.1375
            ],
            [
              -49.1284,
              -25.1341
            ],
            [
              -49.125,
              -25.1334
            ],
            [
              -49.1224,
              -25.131
            ],
            [
              -49.1164,
              -25.13
            ],
            [
              -49.1136,
              -25.1314
            ],
            [
              -49.1118,
              -25.1312
            ],
            [
              -49.1012,
              -25.1278
            ],
            [
              -49.1007,
              -25.127
            ],
            [
              -49.1003,
              -25.1236
            ],
            [
              -49.0986,
              -25.122
            ],
            [
              -49.0964,
              -25.1219
            ],
            [
              -49.0903,
              -25.1238
            ],
            [
              -49.0862,
              -25.124
            ],
            [
              -49.0761,
              -25.1213
            ],
            [
              -49.075,
              -25.1182
            ],
            [
              -49.073,
              -25.1165
            ],
            [
              -49.0699,
              -25.1151
            ],
            [
              -49.0682,
              -25.1154
            ],
            [
              -49.0659,
              -25.1164
            ],
            [
              -49.0646,
              -25.1158
            ],
            [
              -49.0655,
              -25.1133
            ],
            [
              -49.0635,
              -25.1097
            ],
            [
              -49.0649,
              -25.1076
            ],
            [
              -49.066,
              -25.1072
            ],
            [
              -49.0682,
              -25.1077
            ],
            [
              -49.0714,
              -25.1053
            ],
            [
              -49.0738,
              -25.1055
            ],
            [
              -49.0772,
              -25.1049
            ],
            [
              -49.0784,
              -25.1042
            ],
            [
              -49.0812,
              -25.1051
            ],
            [
              -49.0819,
              -25.1048
            ],
            [
              -49.0831,
              -25.101
            ],
            [
              -49.0855,
              -25.0988
            ],
            [
              -49.0854,
              -25.0967
            ],
            [
              -49.0872,
              -25.0979
            ],
            [
              -49.0889,
              -25.0972
            ],
            [
              -49.0907,
              -25.0938
            ],
            [
              -49.0908,
              -25.092
            ],
            [
              -49.0919,
              -25.0913
            ],
            [
              -49.0926,
              -25.0861
            ],
            [
              -49.0949,
              -25.0851
            ],
            [
              -49.0957,
              -25.0834
            ],
            [
              -49.0936,
              -25.0805
            ],
            [
              -49.0931,
              -25.077
            ],
            [
              -49.0939,
              -25.0741
            ],
            [
              -49.0962,
              -25.0759
            ],
            [
              -49.1003,
              -25.0767
            ],
            [
              -49.1025,
              -25.0791
            ],
            [
              -49.1049,
              -25.0787
            ],
            [
              -49.1062,
              -25.0795
            ],
            [
              -49.109,
              -25.08
            ],
            [
              -49.1097,
              -25.0814
            ],
            [
              -49.1109,
              -25.0822
            ],
            [
              -49.1134,
              -25.0829
            ],
            [
              -49.1138,
              -25.0861
            ],
            [
              -49.1188,
              -25.0844
            ],
            [
              -49.126,
              -25.0885
            ],
            [
              -49.1314,
              -25.0898
            ],
            [
              -49.1331,
              -25.0914
            ],
            [
              -49.1351,
              -25.0948
            ],
            [
              -49.1386,
              -25.0945
            ],
            [
              -49.1428,
              -25.0978
            ],
            [
              -49.1456,
              -25.096
            ],
            [
              -49.1509,
              -25.0896
            ],
            [
              -49.1519,
              -25.086
            ],
            [
              -49.1634,
              -25.0858
            ],
            [
              -49.1657,
              -25.0852
            ],
            [
              -49.1686,
              -25.0832
            ],
            [
              -49.1727,
              -25.0837
            ],
            [
              -49.175,
              -25.0849
            ],
            [
              -49.176,
              -25.0872
            ],
            [
              -49.1788,
              -25.0836
            ],
            [
              -49.1794,
              -25.0813
            ],
            [
              -49.1828,
              -25.0802
            ],
            [
              -49.1826,
              -25.0787
            ],
            [
              -49.1839,
              -25.0785
            ],
            [
              -49.1857,
              -25.0792
            ],
            [
              -49.1888,
              -25.0812
            ],
            [
              -49.1898,
              -25.0815
            ],
            [
              -49.1919,
              -25.0796
            ],
            [
              -49.1936,
              -25.0803
            ],
            [
              -49.1962,
              -25.078
            ],
            [
              -49.2028,
              -25.0749
            ],
            [
              -49.2053,
              -25.0751
            ],
            [
              -49.2064,
              -25.0731
            ],
            [
              -49.2089,
              -25.0742
            ],
            [
              -49.2105,
              -25.0742
            ],
            [
              -49.213,
              -25.0718
            ],
            [
              -49.2139,
              -25.0716
            ],
            [
              -49.2171,
              -25.0722
            ],
            [
              -49.2199,
              -25.0718
            ],
            [
              -49.2224,
              -25.0738
            ],
            [
              -49.2249,
              -25.0745
            ],
            [
              -49.2301,
              -25.0732
            ],
            [
              -49.2382,
              -25.0749
            ],
            [
              -49.2401,
              -25.0747
            ],
            [
              -49.2411,
              -25.0729
            ],
            [
              -49.2432,
              -25.0711
            ],
            [
              -49.2437,
              -25.0684
            ],
            [
              -49.245,
              -25.0666
            ],
            [
              -49.245,
              -25.0637
            ],
            [
              -49.2481,
              -25.0599
            ],
            [
              -49.2508,
              -25.0588
            ],
            [
              -49.2509,
              -25.0576
            ],
            [
              -49.2529,
              -25.0572
            ],
            [
              -49.2539,
              -25.056
            ],
            [
              -49.2563,
              -25.0556
            ],
            [
              -49.2582,
              -25.0547
            ],
            [
              -49.2603,
              -25.0549
            ],
            [
              -49.2617,
              -25.0543
            ],
            [
              -49.262,
              -25.0559
            ],
            [
              -49.2609,
              -25.0567
            ],
            [
              -49.2594,
              -25.0569
            ],
            [
              -49.2592,
              -25.0582
            ],
            [
              -49.2608,
              -25.0589
            ],
            [
              -49.2619,
              -25.0607
            ],
            [
              -49.2637,
              -25.0607
            ],
            [
              -49.2674,
              -25.0574
            ],
            [
              -49.267,
              -25.0555
            ],
            [
              -49.2673,
              -25.0543
            ],
            [
              -49.2687,
              -25.0542
            ],
            [
              -49.2705,
              -25.055
            ],
            [
              -49.2727,
              -25.0531
            ],
            [
              -49.276,
              -25.0517
            ],
            [
              -49.279,
              -25.0493
            ],
            [
              -49.2823,
              -25.0508
            ],
            [
              -49.2838,
              -25.0493
            ],
            [
              -49.2863,
              -25.0493
            ],
            [
              -49.2891,
              -25.0471
            ],
            [
              -49.2895,
              -25.0495
            ],
            [
              -49.2906,
              -25.051
            ],
            [
              -49.2917,
              -25.0495
            ],
            [
              -49.2949,
              -25.0499
            ],
            [
              -49.295,
              -25.0488
            ],
            [
              -49.2972,
              -25.0453
            ],
            [
              -49.2961,
              -25.0432
            ],
            [
              -49.2969,
              -25.0415
            ],
            [
              -49.299,
              -25.0413
            ],
            [
              -49.3004,
              -25.0404
            ],
            [
              -49.3035,
              -25.0399
            ],
            [
              -49.3047,
              -25.0391
            ],
            [
              -49.3063,
              -25.0369
            ],
            [
              -49.3085,
              -25.0358
            ],
            [
              -49.3106,
              -25.0332
            ],
            [
              -49.3123,
              -25.0336
            ],
            [
              -49.3137,
              -25.0275
            ],
            [
              -49.3156,
              -25.0252
            ],
            [
              -49.3171,
              -25.0253
            ],
            [
              -49.318,
              -25.0277
            ],
            [
              -49.3203,
              -25.0273
            ],
            [
              -49.3219,
              -25.0255
            ],
            [
              -49.3234,
              -25.0247
            ],
            [
              -49.323,
              -25.0221
            ],
            [
              -49.3266,
              -25.0222
            ],
            [
              -49.3279,
              -25.0211
            ],
            [
              -49.3296,
              -25.0181
            ],
            [
              -49.3306,
              -25.0169
            ],
            [
              -49.3335,
              -25.0145
            ],
            [
              -49.3408,
              -25.0098
            ],
            [
              -49.3404,
              -25.0077
            ],
            [
              -49.344,
              -25.0071
            ],
            [
              -49.3453,
              -25.0078
            ],
            [
              -49.3473,
              -25.0059
            ],
            [
              -49.3483,
              -25.0075
            ],
            [
              -49.3479,
              -25.0092
            ],
            [
              -49.3447,
              -25.012
            ],
            [
              -49.3461,
              -25.0136
            ],
            [
              -49.3494,
              -25.0133
            ],
            [
              -49.3562,
              -25.0101
            ],
            [
              -49.3588,
              -25.0078
            ],
            [
              -49.3601,
              -25.0053
            ],
            [
              -49.362,
              -25.0064
            ],
            [
              -49.365,
              -25.005
            ],
            [
              -49.3675,
              -25.0022
            ],
            [
              -49.3676,
              -25.0006
            ],
            [
              -49.3655,
              -25.0014
            ],
            [
              -49.3631,
              -25.0031
            ],
            [
              -49.3609,
              -25.0023
            ],
            [
              -49.3604,
              -25.0006
            ],
            [
              -49.3585,
              -25.0006
            ],
            [
              -49.3563,
              -25.0012
            ],
            [
              -49.3555,
              -25.0008
            ],
            [
              -49.3555,
              -24.9975
            ],
            [
              -49.3575,
              -24.9964
            ],
            [
              -49.3594,
              -24.9929
            ],
            [
              -49.3617,
              -24.9944
            ],
            [
              -49.3659,
              -24.9919
            ],
            [
              -49.3675,
              -24.9892
            ],
            [
              -49.3692,
              -24.9899
            ],
            [
              -49.3712,
              -24.9877
            ],
            [
              -49.3723,
              -24.9871
            ],
            [
              -49.3699,
              -24.9851
            ],
            [
              -49.3715,
              -24.983
            ],
            [
              -49.3728,
              -24.9827
            ],
            [
              -49.3728,
              -24.9812
            ],
            [
              -49.3743,
              -24.9806
            ],
            [
              -49.3751,
              -24.9815
            ],
            [
              -49.3778,
              -24.9805
            ],
            [
              -49.3823,
              -24.9773
            ],
            [
              -49.3837,
              -24.9779
            ],
            [
              -49.3857,
              -24.98
            ],
            [
              -49.3871,
              -24.9785
            ],
            [
              -49.3914,
              -24.9761
            ],
            [
              -49.3933,
              -24.9754
            ],
            [
              -49.3953,
              -24.9733
            ],
            [
              -49.3943,
              -24.9715
            ],
            [
              -49.3915,
              -24.9709
            ],
            [
              -49.3919,
              -24.9698
            ],
            [
              -49.3934,
              -24.9682
            ],
            [
              -49.3921,
              -24.9672
            ],
            [
              -49.3882,
              -24.967
            ],
            [
              -49.3877,
              -24.9654
            ],
            [
              -49.3899,
              -24.9635
            ],
            [
              -49.3891,
              -24.9611
            ],
            [
              -49.3897,
              -24.9599
            ],
            [
              -49.3881,
              -24.9535
            ],
            [
              -49.3893,
              -24.9526
            ],
            [
              -49.3915,
              -24.9537
            ],
            [
              -49.3919,
              -24.9528
            ],
            [
              -49.3889,
              -24.9498
            ],
            [
              -49.3891,
              -24.9471
            ],
            [
              -49.3849,
              -24.9459
            ],
            [
              -49.3842,
              -24.9452
            ],
            [
              -49.3848,
              -24.9437
            ],
            [
              -49.3844,
              -24.9428
            ],
            [
              -49.3802,
              -24.9419
            ],
            [
              -49.3795,
              -24.9394
            ],
            [
              -49.3751,
              -24.9419
            ],
            [
              -49.3738,
              -24.9418
            ],
            [
              -49.3733,
              -24.939
            ],
            [
              -49.3751,
              -24.9353
            ],
            [
              -49.3809,
              -24.932
            ],
            [
              -49.3815,
              -24.9305
            ],
            [
              -49.3785,
              -24.9282
            ],
            [
              -49.3761,
              -24.9288
            ],
            [
              -49.3744,
              -24.9315
            ],
            [
              -49.3732,
              -24.9311
            ],
            [
              -49.3734,
              -24.9287
            ],
            [
              -49.3743,
              -24.9237
            ],
            [
              -49.3761,
              -24.9235
            ],
            [
              -49.3763,
              -24.9213
            ],
            [
              -49.3777,
              -24.9215
            ],
            [
              -49.3781,
              -24.9194
            ],
            [
              -49.38,
              -24.9188
            ],
            [
              -49.3816,
              -24.9192
            ],
            [
              -49.3829,
              -24.9179
            ],
            [
              -49.3828,
              -24.9158
            ],
            [
              -49.3854,
              -24.915
            ],
            [
              -49.3863,
              -24.9135
            ],
            [
              -49.3894,
              -24.9129
            ],
            [
              -49.389,
              -24.9114
            ],
            [
              -49.3868,
              -24.9117
            ],
            [
              -49.3833,
              -24.9092
            ],
            [
              -49.3844,
              -24.9071
            ],
            [
              -49.3889,
              -24.9055
            ],
            [
              -49.3886,
              -24.9036
            ],
            [
              -49.3898,
              -24.8993
            ],
            [
              -49.3971,
              -24.9002
            ],
            [
              -49.3981,
              -24.8977
            ],
            [
              -49.3973,
              -24.8965
            ],
            [
              -49.3955,
              -24.8965
            ],
            [
              -49.3939,
              -24.8975
            ],
            [
              -49.3911,
              -24.8967
            ],
            [
              -49.3897,
              -24.8951
            ],
            [
              -49.3908,
              -24.8937
            ],
            [
              -49.3906,
              -24.8919
            ],
            [
              -49.3926,
              -24.8913
            ],
            [
              -49.3938,
              -24.886
            ],
            [
              -49.3935,
              -24.8855
            ],
            [
              -49.3904,
              -24.8844
            ],
            [
              -49.3908,
              -24.8806
            ],
            [
              -49.3923,
              -24.8797
            ],
            [
              -49.3906,
              -24.8779
            ],
            [
              -49.3917,
              -24.8767
            ],
            [
              -49.3944,
              -24.8769
            ],
            [
              -49.3967,
              -24.8764
            ],
            [
              -49.3982,
              -24.8768
            ],
            [
              -49.3987,
              -24.8796
            ],
            [
              -49.4003,
              -24.881
            ],
            [
              -49.4013,
              -24.8829
            ],
            [
              -49.4024,
              -24.8832
            ],
            [
              -49.4055,
              -24.8816
            ],
            [
              -49.4065,
              -24.8817
            ],
            [
              -49.4087,
              -24.8836
            ],
            [
              -49.4101,
              -24.8854
            ],
            [
              -49.4111,
              -24.8891
            ],
            [
              -49.4108,
              -24.8915
            ],
            [
              -49.4085,
              -24.8952
            ],
            [
              -49.4094,
              -24.8964
            ],
            [
              -49.4118,
              -24.8969
            ],
            [
              -49.418,
              -24.8975
            ],
            [
              -49.4206,
              -24.9007
            ],
            [
              -49.424,
              -24.9022
            ],
            [
              -49.4257,
              -24.9051
            ],
            [
              -49.4282,
              -24.905
            ],
            [
              -49.4304,
              -24.9037
            ],
            [
              -49.432,
              -24.9009
            ],
            [
              -49.4331,
              -24.9004
            ],
            [
              -49.4369,
              -24.9002
            ],
            [
              -49.4407,
              -24.9013
            ],
            [
              -49.4418,
              -24.9045
            ],
            [
              -49.4446,
              -24.9087
            ],
            [
              -49.4471,
              -24.9095
            ],
            [
              -49.4492,
              -24.9134
            ],
            [
              -49.4511,
              -24.9157
            ],
            [
              -49.4521,
              -24.9154
            ],
            [
              -49.4535,
              -24.9137
            ],
            [
              -49.4549,
              -24.9132
            ],
            [
              -49.4581,
              -24.9132
            ],
            [
              -49.4613,
              -24.911
            ],
            [
              -49.4654,
              -24.9117
            ],
            [
              -49.4661,
              -24.9091
            ],
            [
              -49.4669,
              -24.9078
            ],
            [
              -49.4732,
              -24.9067
            ],
            [
              -49.4751,
              -24.9085
            ],
            [
              -49.4768,
              -24.9085
            ],
            [
              -49.4775,
              -24.9101
            ],
            [
              -49.4827,
              -24.9157
            ],
            [
              -49.4851,
              -24.9149
            ],
            [
              -49.4863,
              -24.9163
            ],
            [
              -49.49,
              -24.9157
            ],
            [
              -49.4913,
              -24.9166
            ],
            [
              -49.4948,
              -24.9164
            ],
            [
              -49.4959,
              -24.9147
            ],
            [
              -49.498,
              -24.9139
            ],
            [
              -49.4963,
              -24.911
            ],
            [
              -49.4949,
              -24.9105
            ],
            [
              -49.4959,
              -24.9058
            ],
            [
              -49.4979,
              -24.905
            ],
            [
              -49.4988,
              -24.9053
            ],
            [
              -49.5004,
              -24.9054
            ],
            [
              -49.5027,
              -24.9038
            ],
            [
              -49.5055,
              -24.9032
            ],
            [
              -49.5085,
              -24.9011
            ],
            [
              -49.5099,
              -24.9013
            ],
            [
              -49.509,
              -24.9041
            ],
            [
              -49.5115,
              -24.9067
            ],
            [
              -49.5121,
              -24.9089
            ],
            [
              -49.511,
              -24.9106
            ],
            [
              -49.5111,
              -24.9122
            ],
            [
              -49.5137,
              -24.9124
            ],
            [
              -49.5153,
              -24.9133
            ],
            [
              -49.5182,
              -24.9117
            ],
            [
              -49.5216,
              -24.9112
            ],
            [
              -49.5238,
              -24.9101
            ],
            [
              -49.526,
              -24.9083
            ],
            [
              -49.5289,
              -24.9087
            ],
            [
              -49.5293,
              -24.911
            ],
            [
              -49.531,
              -24.9121
            ],
            [
              -49.5327,
              -24.9114
            ],
            [
              -49.5335,
              -24.9124
            ],
            [
              -49.5379,
              -24.9156
            ],
            [
              -49.5395,
              -24.9165
            ],
            [
              -49.5384,
              -24.9177
            ],
            [
              -49.5382,
              -24.9194
            ],
            [
              -49.5398,
              -24.9206
            ],
            [
              -49.5406,
              -24.9229
            ],
            [
              -49.5406,
              -24.9245
            ],
            [
              -49.5429,
              -24.9281
            ],
            [
              -49.5451,
              -24.9299
            ],
            [
              -49.5452,
              -24.9327
            ],
            [
              -49.5469,
              -24.9356
            ],
            [
              -49.5493,
              -24.9366
            ],
            [
              -49.5498,
              -24.9373
            ],
            [
              -49.5481,
              -24.9384
            ],
            [
              -49.5488,
              -24.9405
            ],
            [
              -49.5501,
              -24.9411
            ],
            [
              -49.5521,
              -24.94
            ],
            [
              -49.5553,
              -24.941
            ],
            [
              -49.56,
              -24.9409
            ],
            [
              -49.5618,
              -24.9406
            ],
            [
              -49.563,
              -24.9395
            ],
            [
              -49.5661,
              -24.9413
            ],
            [
              -49.5673,
              -24.9413
            ],
            [
              -49.5694,
              -24.9382
            ],
            [
              -49.5712,
              -24.9386
            ],
            [
              -49.5729,
              -24.9398
            ],
            [
              -49.5731,
              -24.9411
            ],
            [
              -49.5716,
              -24.943
            ],
            [
              -49.5723,
              -24.9442
            ],
            [
              -49.5752,
              -24.9438
            ],
            [
              -49.5769,
              -24.945
            ],
            [
              -49.5782,
              -24.9473
            ],
            [
              -49.5801,
              -24.9488
            ],
            [
              -49.5787,
              -24.9518
            ],
            [
              -49.5785,
              -24.9547
            ],
            [
              -49.5759,
              -24.9572
            ],
            [
              -49.5749,
              -24.9594
            ],
            [
              -49.5745,
              -24.9603
            ],
            [
              -49.5724,
              -24.9615
            ],
            [
              -49.5698,
              -24.9654
            ],
            [
              -49.5692,
              -24.967
            ],
            [
              -49.5682,
              -24.9678
            ],
            [
              -49.565,
              -24.9676
            ],
            [
              -49.5628,
              -24.9685
            ],
            [
              -49.5625,
              -24.9698
            ],
            [
              -49.5603,
              -24.9742
            ],
            [
              -49.5582,
              -24.9735
            ],
            [
              -49.5564,
              -24.9719
            ],
            [
              -49.5545,
              -24.9734
            ],
            [
              -49.5532,
              -24.9763
            ],
            [
              -49.551,
              -24.9763
            ],
            [
              -49.5496,
              -24.9768
            ],
            [
              -49.5465,
              -24.9797
            ],
            [
              -49.5451,
              -24.982
            ],
            [
              -49.5452,
              -24.9841
            ],
            [
              -49.5437,
              -24.9855
            ],
            [
              -49.5417,
              -24.9859
            ],
            [
              -49.5363,
              -24.988
            ],
            [
              -49.5345,
              -24.9892
            ],
            [
              -49.5295,
              -24.9935
            ],
            [
              -49.5277,
              -24.9946
            ],
            [
              -49.5226,
              -24.9983
            ],
            [
              -49.5204,
              -25.0008
            ],
            [
              -49.5203,
              -25.0049
            ],
            [
              -49.5193,
              -25.0059
            ],
            [
              -49.5161,
              -25.0049
            ],
            [
              -49.5128,
              -25.0057
            ],
            [
              -49.5109,
              -25.0056
            ],
            [
              -49.5098,
              -25.0041
            ],
            [
              -49.5084,
              -25.0046
            ],
            [
              -49.5042,
              -25.0071
            ],
            [
              -49.5027,
              -25.0082
            ],
            [
              -49.5007,
              -25.0088
            ],
            [
              -49.4994,
              -25.0074
            ],
            [
              -49.4982,
              -25.0075
            ],
            [
              -49.4964,
              -25.0091
            ],
            [
              -49.499,
              -25.0121
            ],
            [
              -49.5014,
              -25.0136
            ],
            [
              -49.4999,
              -25.0158
            ],
            [
              -49.4999,
              -25.0185
            ],
            [
              -49.5013,
              -25.0206
            ],
            [
              -49.5021,
              -25.0242
            ],
            [
              -49.5034,
              -25.0252
            ],
            [
              -49.5056,
              -25.0282
            ],
            [
              -49.5089,
              -25.0303
            ],
            [
              -49.5089,
              -25.0318
            ],
            [
              -49.5067,
              -25.0339
            ],
            [
              -49.505,
              -25.0343
            ],
            [
              -49.5032,
              -25.0364
            ],
            [
              -49.5017,
              -25.0367
            ],
            [
              -49.501,
              -25.0383
            ],
            [
              -49.5033,
              -25.0384
            ],
            [
              -49.5044,
              -25.0391
            ],
            [
              -49.5044,
              -25.0404
            ],
            [
              -49.5026,
              -25.0433
            ],
            [
              -49.4977,
              -25.0462
            ],
            [
              -49.4983,
              -25.0488
            ],
            [
              -49.4983,
              -25.0504
            ],
            [
              -49.4958,
              -25.0523
            ],
            [
              -49.4937,
              -25.0553
            ],
            [
              -49.495,
              -25.057
            ],
            [
              -49.4935,
              -25.0583
            ],
            [
              -49.491,
              -25.0586
            ],
            [
              -49.4897,
              -25.0594
            ],
            [
              -49.4883,
              -25.0592
            ],
            [
              -49.4863,
              -25.0623
            ],
            [
              -49.4847,
              -25.0637
            ],
            [
              -49.4818,
              -25.0699
            ],
            [
              -49.4822,
              -25.0725
            ],
            [
              -49.4818,
              -25.0737
            ],
            [
              -49.483,
              -25.0756
            ],
            [
              -49.4826,
              -25.0826
            ],
            [
              -49.4816,
              -25.0843
            ],
            [
              -49.4796,
              -25.0845
            ],
            [
              -49.4758,
              -25.0884
            ],
            [
              -49.4744,
              -25.0888
            ],
            [
              -49.472,
              -25.0906
            ],
            [
              -49.4692,
              -25.092
            ],
            [
              -49.4657,
              -25.096
            ],
            [
              -49.4656,
              -25.0977
            ],
            [
              -49.4646,
              -25.1
            ],
            [
              -49.4626,
              -25.1019
            ],
            [
              -49.4609,
              -25.1022
            ],
            [
              -49.4563,
              -25.1057
            ],
            [
              -49.4559,
              -25.1079
            ],
            [
              -49.4539,
              -25.109
            ],
            [
              -49.45,
              -25.1097
            ],
            [
              -49.4488,
              -25.1093
            ],
            [
              -49.4473,
              -25.1121
            ],
            [
              -49.4451,
              -25.1122
            ],
            [
              -49.4437,
              -25.1131
            ],
            [
              -49.444,
              -25.1157
            ],
            [
              -49.4429,
              -25.1187
            ],
            [
              -49.4393,
              -25.1199
            ],
            [
              -49.4382,
              -25.1211
            ],
            [
              -49.435,
              -25.122
            ],
            [
              -49.433,
              -25.1238
            ],
            [
              -49.4302,
              -25.1251
            ],
            [
              -49.4288,
              -25.1262
            ],
            [
              -49.4288,
              -25.127
            ],
            [
              -49.4318,
              -25.1269
            ],
            [
              -49.4331,
              -25.1311
            ],
            [
              -49.4357,
              -25.1337
            ],
            [
              -49.4375,
              -25.1352
            ],
            [
              -49.4384,
              -25.1374
            ],
            [
              -49.4408,
              -25.1398
            ],
            [
              -49.4436,
              -25.1441
            ],
            [
              -49.4457,
              -25.1443
            ],
            [
              -49.4451,
              -25.1456
            ],
            [
              -49.4458,
              -25.1464
            ],
            [
              -49.4503,
              -25.1484
            ],
            [
              -49.4511,
              -25.1503
            ],
            [
              -49.4549,
              -25.1501
            ],
            [
              -49.4561,
              -25.1492
            ],
            [
              -49.4582,
              -25.1505
            ],
            [
              -49.4587,
              -25.1515
            ],
            [
              -49.4614,
              -25.1522
            ],
            [
              -49.4625,
              -25.1539
            ],
            [
              -49.4622,
              -25.1668
            ],
            [
              -49.4576,
              -25.1647
            ],
            [
              -49.4522,
              -25.1651
            ],
            [
              -49.4512,
              -25.165
            ],
            [
              -49.4496,
              -25.1666
            ],
            [
              -49.4454,
              -25.1682
            ],
            [
              -49.4411,
              -25.169
            ],
            [
              -49.4357,
              -25.1726
            ],
            [
              -49.4327,
              -25.1721
            ],
            [
              -49.4278,
              -25.1729
            ],
            [
              -49.426,
              -25.1751
            ],
            [
              -49.4243,
              -25.1756
            ],
            [
              -49.4211,
              -25.1741
            ],
            [
              -49.4171,
              -25.1715
            ],
            [
              -49.415,
              -25.1714
            ],
            [
              -49.4113,
              -25.1719
            ],
            [
              -49.4098,
              -25.1744
            ],
            [
              -49.4078,
              -25.1752
            ],
            [
              -49.4026,
              -25.1746
            ],
            [
              -49.4009,
              -25.1753
            ],
            [
              -49.3972,
              -25.1777
            ],
            [
              -49.393,
              -25.1817
            ],
            [
              -49.3884,
              -25.1835
            ],
            [
              -49.3865,
              -25.1853
            ],
            [
              -49.3809,
              -25.1876
            ],
            [
              -49.378,
              -25.1871
            ],
            [
              -49.3766,
              -25.1876
            ],
            [
              -49.3763,
              -25.1896
            ],
            [
              -49.3755,
              -25.1908
            ],
            [
              -49.3741,
              -25.1913
            ],
            [
              -49.3717,
              -25.1916
            ],
            [
              -49.3703,
              -25.1927
            ],
            [
              -49.3673,
              -25.1922
            ],
            [
              -49.3655,
              -25.1925
            ],
            [
              -49.3631,
              -25.1917
            ],
            [
              -49.3619,
              -25.1931
            ],
            [
              -49.3574,
              -25.194
            ],
            [
              -49.3565,
              -25.1958
            ],
            [
              -49.3519,
              -25.1982
            ],
            [
              -49.3379,
              -25.1981
            ],
            [
              -49.3304,
              -25.2103
            ],
            [
              -49.3279,
              -25.209
            ],
            [
              -49.3259,
              -25.2089
            ],
            [
              -49.3249,
              -25.2097
            ],
            [
              -49.3256,
              -25.2112
            ],
            [
              -49.3248,
              -25.2121
            ],
            [
              -49.3269,
              -25.2149
            ],
            [
              -49.3278,
              -25.217
            ],
            [
              -49.3277,
              -25.2196
            ],
            [
              -49.3282,
              -25.222
            ],
            [
              -49.3282,
              -25.2236
            ],
            [
              -49.3273,
              -25.2256
            ],
            [
              -49.3228,
              -25.23
            ],
            [
              -49.3211,
              -25.2311
            ]
          ]
        ]
      }
    },
    {
      "type": "Feature",
      "properties": {
        "codarea": "4125506",
        "name": "S\u00e3o Jos\u00e9 dos Pinhais"
      },
      "geometry": {
        "type": "Polygon",
        "coordinates": [
          [
            [
              -49.2078,
              -25.8251
            ],
            [
              -49.2052,
              -25.8247
            ],
            [
              -49.2049,
              -25.8222
            ],
            [
              -49.2034,
              -25.8213
            ],
            [
              -49.2045,
              -25.8168
            ],
            [
              -49.2029,
              -25.8167
            ],
            [
              -49.2015,
              -25.8155
            ],
            [
              -49.202,
              -25.8136
            ],
            [
              -49.2012,
              -25.8124
            ],
            [
              -49.2027,
              -25.8119
            ],
            [
              -49.2024,
              -25.8094
            ],
            [
              -49.1995,
              -25.8077
            ],
            [
              -49.1968,
              -25.8081
            ],
            [
              -49.1967,
              -25.8065
            ],
            [
              -49.1951,
              -25.805
            ],
            [
              -49.1934,
              -25.8046
            ],
            [
              -49.1925,
              -25.8034
            ],
            [
              -49.1909,
              -25.8048
            ],
            [
              -49.1879,
              -25.8047
            ],
            [
              -49.1863,
              -25.8071
            ],
            [
              -49.185,
              -25.8067
            ],
            [
              -49.1842,
              -25.8051
            ],
            [
              -49.182,
              -25.8078
            ],
            [
              -49.1802,
              -25.8082
            ],
            [
              -49.1794,
              -25.8093
            ],
            [
              -49.1769,
              -25.8097
            ],
            [
              -49.1743,
              -25.8134
            ],
            [
              -49.1722,
              -25.8138
            ],
            [
              -49.1715,
              -25.8145
            ],
            [
              -49.1695,
              -25.8137
            ],
            [
              -49.168,
              -25.815
            ],
            [
              -49.1671,
              -25.8136
            ],
            [
              -49.1656,
              -25.8133
            ],
            [
              -49.1651,
              -25.8107
            ],
            [
              -49.1636,
              -25.8086
            ],
            [
              -49.1629,
              -25.8055
            ],
            [
              -49.1639,
              -25.8035
            ],
            [
              -49.1669,
              -25.8024
            ],
            [
              -49.166,
              -25.8012
            ],
            [
              -49.1663,
              -25.7992
            ],
            [
              -49.1634,
              -25.7983
            ],
            [
              -49.164,
              -25.7967
            ],
            [
              -49.1631,
              -25.7949
            ],
            [
              -49.164,
              -25.7939
            ],
            [
              -49.1641,
              -25.7921
            ],
            [
              -49.1628,
              -25.7911
            ],
            [
              -49.1621,
              -25.7875
            ],
            [
              -49.1612,
              -25.7875
            ],
            [
              -49.1609,
              -25.7853
            ],
            [
              -49.1612,
              -25.7831
            ],
            [
              -49.1621,
              -25.7819
            ],
            [
              -49.1619,
              -25.7798
            ],
            [
              -49.1592,
              -25.7774
            ],
            [
              -49.157,
              -25.7769
            ],
            [
              -49.1561,
              -25.7762
            ],
            [
              -49.1548,
              -25.7767
            ],
            [
              -49.1537,
              -25.7758
            ],
            [
              -49.1536,
              -25.7735
            ],
            [
              -49.1546,
              -25.773
            ],
            [
              -49.1545,
              -25.7717
            ],
            [
              -49.1554,
              -25.7694
            ],
            [
              -49.1548,
              -25.7676
            ],
            [
              -49.1551,
              -25.7648
            ],
            [
              -49.1533,
              -25.7617
            ],
            [
              -49.1505,
              -25.7597
            ],
            [
              -49.1485,
              -25.7576
            ],
            [
              -49.1478,
              -25.7556
            ],
            [
              -49.1479,
              -25.7538
            ],
            [
              -49.147,
              -25.7525
            ],
            [
              -49.1447,
              -25.7518
            ],
            [
              -49.1443,
              -25.7509
            ],
            [
              -49.1424,
              -25.7504
            ],
            [
              -49.1413,
              -25.7478
            ],
            [
              -49.1422,
              -25.7457
            ],
            [
              -49.1407,
              -25.7429
            ],
            [
              -49.1382,
              -25.7432
            ],
            [
              -49.1372,
              -25.7451
            ],
            [
              -49.1382,
              -25.7458
            ],
            [
              -49.1372,
              -25.7472
            ],
            [
              -49.1379,
              -25.7479
            ],
            [
              -49.1357,
              -25.7496
            ],
            [
              -49.1352,
              -25.7512
            ],
            [
              -49.1336,
              -25.7514
            ],
            [
              -49.1339,
              -25.7533
            ],
            [
              -49.1329,
              -25.7547
            ],
            [
              -49.1297,
              -25.7544
            ],
            [
              -49.1288,
              -25.7523
            ],
            [
              -49.1256,
              -25.7518
            ],
            [
              -49.1256,
              -25.7501
            ],
            [
              -49.1244,
              -25.7488
            ],
            [
              -49.1215,
              -25.75
            ],
            [
              -49.1213,
              -25.7489
            ],
            [
              -49.1198,
              -25.749
            ],
            [
              -49.1189,
              -25.7479
            ],
            [
              -49.1191,
              -25.7468
            ],
            [
              -49.1173,
              -25.7456
            ],
            [
              -49.1144,
              -25.7467
            ],
            [
              -49.1128,
              -25.7467
            ],
            [
              -49.1082,
              -25.7457
            ],
            [
              -49.1073,
              -25.7479
            ],
            [
              -49.1051,
              -25.7496
            ],
            [
              -49.1003,
              -25.7478
            ],
            [
              -49.0961,
              -25.7458
            ],
            [
              -49.093,
              -25.7461
            ],
            [
              -49.0877,
              -25.7444
            ],
            [
              -49.0841,
              -25.7414
            ],
            [
              -49.0822,
              -25.7411
            ],
            [
              -49.0833,
              -25.7435
            ],
            [
              -49.0847,
              -25.745
            ],
            [
              -49.0852,
              -25.7468
            ],
            [
              -49.0836,
              -25.7496
            ],
            [
              -49.0796,
              -25.7508
            ],
            [
              -49.0784,
              -25.7537
            ],
            [
              -49.0788,
              -25.7553
            ],
            [
              -49.0777,
              -25.7601
            ],
            [
              -49.0798,
              -25.762
            ],
            [
              -49.0797,
              -25.7658
            ],
            [
              -49.0804,
              -25.7699
            ],
            [
              -49.08,
              -25.7712
            ],
            [
              -49.0788,
              -25.7719
            ],
            [
              -49.0795,
              -25.774
            ],
            [
              -49.0794,
              -25.7758
            ],
            [
              -49.0807,
              -25.7777
            ],
            [
              -49.0796,
              -25.7801
            ],
            [
              -49.0791,
              -25.784
            ],
            [
              -49.0778,
              -25.785
            ],
            [
              -49.0739,
              -25.7861
            ],
            [
              -49.0721,
              -25.7886
            ],
            [
              -49.0737,
              -25.7909
            ],
            [
              -49.0754,
              -25.792
            ],
            [
              -49.0751,
              -25.7942
            ],
            [
              -49.0743,
              -25.7953
            ],
            [
              -49.0719,
              -25.795
            ],
            [
              -49.07,
              -25.797
            ],
            [
              -49.0666,
              -25.7968
            ],
            [
              -49.0653,
              -25.7963
            ],
            [
              -49.063,
              -25.7967
            ],
            [
              -49.0616,
              -25.7959
            ],
            [
              -49.0606,
              -25.794
            ],
            [
              -49.0598,
              -25.7912
            ],
            [
              -49.0586,
              -25.7919
            ],
            [
              -49.0569,
              -25.7906
            ],
            [
              -49.0566,
              -25.7922
            ],
            [
              -49.0554,
              -25.7936
            ],
            [
              -49.0533,
              -25.7934
            ],
            [
              -49.0519,
              -25.7967
            ],
            [
              -49.0497,
              -25.7957
            ],
            [
              -49.0485,
              -25.7941
            ],
            [
              -49.0502,
              -25.7937
            ],
            [
              -49.0503,
              -25.7914
            ],
            [
              -49.048,
              -25.7904
            ],
            [
              -49.047,
              -25.7921
            ],
            [
              -49.0459,
              -25.7907
            ],
            [
              -49.044,
              -25.7916
            ],
            [
              -49.0432,
              -25.7909
            ],
            [
              -49.0408,
              -25.7913
            ],
            [
              -49.0362,
              -25.79
            ],
            [
              -49.0346,
              -25.7914
            ],
            [
              -49.0321,
              -25.7955
            ],
            [
              -49.0336,
              -25.7975
            ],
            [
              -49.033,
              -25.7984
            ],
            [
              -49.0314,
              -25.7979
            ],
            [
              -49.0306,
              -25.7967
            ],
            [
              -49.0275,
              -25.7944
            ],
            [
              -49.0232,
              -25.7935
            ],
            [
              -49.022,
              -25.7937
            ],
            [
              -49.022,
              -25.7967
            ],
            [
              -49.0212,
              -25.7973
            ],
            [
              -49.0183,
              -25.7961
            ],
            [
              -49.0176,
              -25.7948
            ],
            [
              -49.0171,
              -25.7917
            ],
            [
              -49.0141,
              -25.7894
            ],
            [
              -49.0137,
              -25.7906
            ],
            [
              -49.0122,
              -25.7897
            ],
            [
              -49.0115,
              -25.7878
            ],
            [
              -49.0099,
              -25.7868
            ],
            [
              -49.0053,
              -25.7865
            ],
            [
              -49.0022,
              -25.7883
            ],
            [
              -49.0016,
              -25.7914
            ],
            [
              -49.0008,
              -25.7931
            ],
            [
              -49.0028,
              -25.7931
            ],
            [
              -49.0028,
              -25.7955
            ],
            [
              -49.0004,
              -25.7984
            ],
            [
              -48.9979,
              -25.7986
            ],
            [
              -48.9976,
              -25.8007
            ],
            [
              -48.9994,
              -25.8024
            ],
            [
              -48.9959,
              -25.8044
            ],
            [
              -48.9955,
              -25.8065
            ],
            [
              -48.9942,
              -25.8089
            ],
            [
              -48.9911,
              -25.8083
            ],
            [
              -48.99,
              -25.8091
            ],
            [
              -48.9925,
              -25.8111
            ],
            [
              -48.9916,
              -25.8118
            ],
            [
              -48.9922,
              -25.8133
            ],
            [
              -48.9902,
              -25.8148
            ],
            [
              -48.9926,
              -25.8162
            ],
            [
              -48.9943,
              -25.819
            ],
            [
              -48.9952,
              -25.8219
            ],
            [
              -48.9937,
              -25.8225
            ],
            [
              -48.9932,
              -25.8206
            ],
            [
              -48.9898,
              -25.8217
            ],
            [
              -48.9849,
              -25.828
            ],
            [
              -48.9837,
              -25.8273
            ],
            [
              -48.9817,
              -25.8279
            ],
            [
              -48.9807,
              -25.8263
            ],
            [
              -48.9771,
              -25.8273
            ],
            [
              -48.9754,
              -25.8248
            ],
            [
              -48.9733,
              -25.8247
            ],
            [
              -48.9714,
              -25.8229
            ],
            [
              -48.9685,
              -25.8243
            ],
            [
              -48.9655,
              -25.8231
            ],
            [
              -48.9642,
              -25.8231
            ],
            [
              -48.9625,
              -25.8244
            ],
            [
              -48.963,
              -25.8273
            ],
            [
              -48.9644,
              -25.829
            ],
            [
              -48.9628,
              -25.8309
            ],
            [
              -48.9578,
              -25.8317
            ],
            [
              -48.9554,
              -25.8301
            ],
            [
              -48.9529,
              -25.8294
            ],
            [
              -48.9515,
              -25.8278
            ],
            [
              -48.9483,
              -25.8264
            ],
            [
              -48.9479,
              -25.8237
            ],
            [
              -48.9462,
              -25.822
            ],
            [
              -48.9428,
              -25.8229
            ],
            [
              -48.941,
              -25.8226
            ],
            [
              -48.9392,
              -25.823
            ],
            [
              -48.9346,
              -25.8212
            ],
            [
              -48.9351,
              -25.819
            ],
            [
              -48.9335,
              -25.8184
            ],
            [
              -48.9318,
              -25.8202
            ],
            [
              -48.9307,
              -25.8205
            ],
            [
              -48.9276,
              -25.8187
            ],
            [
              -48.9233,
              -25.8179
            ],
            [
              -48.9223,
              -25.8154
            ],
            [
              -48.9232,
              -25.8129
            ],
            [
              -48.9207,
              -25.8105
            ],
            [
              -48.9199,
              -25.8105
            ],
            [
              -48.9164,
              -25.8125
            ],
            [
              -48.9147,
              -25.8126
            ],
            [
              -48.913,
              -25.8108
            ],
            [
              -48.9123,
              -25.812
            ],
            [
              -48.9097,
              -25.8121
            ],
            [
              -48.9085,
              -25.8136
            ],
            [
              -48.9066,
              -25.8134
            ],
            [
              -48.9067,
              -25.8161
            ],
            [
              -48.9062,
              -25.8176
            ],
            [
              -48.9044,
              -25.8191
            ],
            [
              -48.9017,
              -25.8197
            ],
            [
              -48.9003,
              -25.821
            ],
            [
              -48.8943,
              -25.8205
            ],
            [
              -48.8911,
              -25.8193
            ],
            [
              -48.8883,
              -25.8161
            ],
            [
              -48.8846,
              -25.815
            ],
            [
              -48.8847,
              -25.8142
            ],
            [
              -48.8866,
              -25.8127
            ],
            [
              -48.8856,
              -25.8107
            ],
            [
              -48.8842,
              -25.8103
            ],
            [
              -48.8825,
              -25.8112
            ],
            [
              -48.8805,
              -25.811
            ],
            [
              -48.8786,
              -25.8123
            ],
            [
              -48.8688,
              -25.8084
            ],
            [
              -48.8643,
              -25.8045
            ],
            [
              -48.8629,
              -25.806
            ],
            [
              -48.8578,
              -25.8087
            ],
            [
              -48.8554,
              -25.8065
            ],
            [
              -48.8523,
              -25.8047
            ],
            [
              -48.8496,
              -25.8043
            ],
            [
              -48.8426,
              -25.7979
            ],
            [
              -48.8429,
              -25.7974
            ],
            [
              -48.8459,
              -25.7979
            ],
            [
              -48.8479,
              -25.7978
            ],
            [
              -48.8522,
              -25.7968
            ],
            [
              -48.8563,
              -25.7926
            ],
            [
              -48.8589,
              -25.7911
            ],
            [
              -48.862,
              -25.7874
            ],
            [
              -48.8633,
              -25.7843
            ],
            [
              -48.8659,
              -25.7796
            ],
            [
              -48.8693,
              -25.7773
            ],
            [
              -48.8704,
              -25.7749
            ],
            [
              -48.8689,
              -25.7721
            ],
            [
              -48.87,
              -25.77
            ],
            [
              -48.8687,
              -25.7674
            ],
            [
              -48.8688,
              -25.7666
            ],
            [
              -48.8733,
              -25.7631
            ],
            [
              -48.8734,
              -25.7625
            ],
            [
              -48.8716,
              -25.7595
            ],
            [
              -48.8716,
              -25.7583
            ],
            [
              -48.8728,
              -25.7563
            ],
            [
              -48.8744,
              -25.7561
            ],
            [
              -48.8755,
              -25.7602
            ],
            [
              -48.8793,
              -25.7623
            ],
            [
              -48.8806,
              -25.7634
            ],
            [
              -48.8821,
              -25.7617
            ],
            [
              -48.8828,
              -25.7598
            ],
            [
              -48.8841,
              -25.7592
            ],
            [
              -48.8902,
              -25.7595
            ],
            [
              -48.8953,
              -25.7614
            ],
            [
              -48.9005,
              -25.7607
            ],
            [
              -48.9014,
              -25.7586
            ],
            [
              -48.9026,
              -25.7578
            ],
            [
              -48.9091,
              -25.7576
            ],
            [
              -48.9111,
              -25.757
            ],
            [
              -48.9123,
              -25.7554
            ],
            [
              -48.9134,
              -25.7529
            ],
            [
              -48.9147,
              -25.7519
            ],
            [
              -48.9195,
              -25.7519
            ],
            [
              -48.9214,
              -25.7506
            ],
            [
              -48.9237,
              -25.7497
            ],
            [
              -48.9266,
              -25.7473
            ],
            [
              -48.9319,
              -25.7474
            ],
            [
              -48.9387,
              -25.7426
            ],
            [
              -48.9408,
              -25.7396
            ],
            [
              -48.9427,
              -25.7378
            ],
            [
              -48.945,
              -25.7315
            ],
            [
              -48.9483,
              -25.7271
            ],
            [
              -48.9491,
              -25.7269
            ],
            [
              -48.9542,
              -25.7326
            ],
            [
              -48.956,
              -25.7334
            ],
            [
              -48.9581,
              -25.735
            ],
            [
              -48.9614,
              -25.7362
            ],
            [
              -48.9623,
              -25.736
            ],
            [
              -48.9636,
              -25.7339
            ],
            [
              -48.9647,
              -25.7303
            ],
            [
              -48.9665,
              -25.7301
            ],
            [
              -48.9694,
              -25.7279
            ],
            [
              -48.9708,
              -25.7283
            ],
            [
              -48.9734,
              -25.7265
            ],
            [
              -48.9748,
              -25.7257
            ],
            [
              -48.9754,
              -25.7238
            ],
            [
              -48.9765,
              -25.7221
            ],
            [
              -48.9762,
              -25.7192
            ],
            [
              -48.9779,
              -25.718
            ],
            [
              -48.9765,
              -25.7164
            ],
            [
              -48.9735,
              -25.7157
            ],
            [
              -48.9724,
              -25.7147
            ],
            [
              -48.971,
              -25.7115
            ],
            [
              -48.9724,
              -25.7094
            ],
            [
              -48.9721,
              -25.7077
            ],
            [
              -48.9682,
              -25.7052
            ],
            [
              -48.9658,
              -25.7017
            ],
            [
              -48.9657,
              -25.6986
            ],
            [
              -48.9685,
              -25.6978
            ],
            [
              -48.9689,
              -25.6943
            ],
            [
              -48.9679,
              -25.6942
            ],
            [
              -48.9666,
              -25.6927
            ],
            [
              -48.9662,
              -25.6899
            ],
            [
              -48.9678,
              -25.6873
            ],
            [
              -48.9684,
              -25.6849
            ],
            [
              -48.9647,
              -25.6829
            ],
            [
              -48.9657,
              -25.6817
            ],
            [
              -48.966,
              -25.6801
            ],
            [
              -48.9647,
              -25.6781
            ],
            [
              -48.9639,
              -25.676
            ],
            [
              -48.9658,
              -25.6732
            ],
            [
              -48.9659,
              -25.6716
            ],
            [
              -48.9667,
              -25.6694
            ],
            [
              -48.9679,
              -25.6685
            ],
            [
              -48.9681,
              -25.6667
            ],
            [
              -48.9694,
              -25.6661
            ],
            [
              -48.9695,
              -25.6643
            ],
            [
              -48.9667,
              -25.6617
            ],
            [
              -48.9658,
              -25.662
            ],
            [
              -48.9643,
              -25.6643
            ],
            [
              -48.9624,
              -25.6633
            ],
            [
              -48.9636,
              -25.6616
            ],
            [
              -48.9607,
              -25.6593
            ],
            [
              -48.9611,
              -25.6575
            ],
            [
              -48.9627,
              -25.6565
            ],
            [
              -48.9619,
              -25.6555
            ],
            [
              -48.9626,
              -25.6535
            ],
            [
              -48.961,
              -25.6521
            ],
            [
              -48.9603,
              -25.6507
            ],
            [
              -48.9562,
              -25.6472
            ],
            [
              -48.9544,
              -25.6443
            ],
            [
              -48.9546,
              -25.6429
            ],
            [
              -48.9533,
              -25.6422
            ],
            [
              -48.954,
              -25.6383
            ],
            [
              -48.9564,
              -25.6377
            ],
            [
              -48.9558,
              -25.6365
            ],
            [
              -48.9583,
              -25.6344
            ],
            [
              -48.9579,
              -25.6321
            ],
            [
              -48.9585,
              -25.6302
            ],
            [
              -48.9579,
              -25.6278
            ],
            [
              -48.9561,
              -25.627
            ],
            [
              -48.9542,
              -25.6248
            ],
            [
              -48.9563,
              -25.6223
            ],
            [
              -48.9557,
              -25.621
            ],
            [
              -48.9584,
              -25.619
            ],
            [
              -48.9581,
              -25.6161
            ],
            [
              -48.9591,
              -25.6149
            ],
            [
              -48.9595,
              -25.6125
            ],
            [
              -48.9573,
              -25.6107
            ],
            [
              -48.9572,
              -25.609
            ],
            [
              -48.9582,
              -25.6072
            ],
            [
              -48.9576,
              -25.6045
            ],
            [
              -48.9586,
              -25.6019
            ],
            [
              -48.9574,
              -25.5997
            ],
            [
              -48.9571,
              -25.5981
            ],
            [
              -48.9518,
              -25.5977
            ],
            [
              -48.9466,
              -25.5943
            ],
            [
              -48.9442,
              -25.594
            ],
            [
              -48.9419,
              -25.5973
            ],
            [
              -48.9409,
              -25.5981
            ],
            [
              -48.9389,
              -25.6033
            ],
            [
              -48.9362,
              -25.6027
            ],
            [
              -48.9361,
              -25.5989
            ],
            [
              -48.9368,
              -25.5975
            ],
            [
              -48.941,
              -25.5932
            ],
            [
              -48.941,
              -25.5919
            ],
            [
              -48.94,
              -25.5895
            ],
            [
              -48.9395,
              -25.5863
            ],
            [
              -48.9406,
              -25.5837
            ],
            [
              -48.9423,
              -25.5814
            ],
            [
              -48.9455,
              -25.5801
            ],
            [
              -48.9489,
              -25.5798
            ],
            [
              -48.9519,
              -25.5814
            ],
            [
              -48.9538,
              -25.582
            ],
            [
              -48.9555,
              -25.5838
            ],
            [
              -48.9569,
              -25.5838
            ],
            [
              -48.959,
              -25.5826
            ],
            [
              -48.9619,
              -25.5793
            ],
            [
              -48.9635,
              -25.5769
            ],
            [
              -48.9727,
              -25.5759
            ],
            [
              -48.9746,
              -25.573
            ],
            [
              -48.9729,
              -25.5712
            ],
            [
              -48.9701,
              -25.5707
            ],
            [
              -48.9694,
              -25.5684
            ],
            [
              -48.9706,
              -25.5672
            ],
            [
              -48.9708,
              -25.5657
            ],
            [
              -48.9687,
              -25.565
            ],
            [
              -48.9667,
              -25.5636
            ],
            [
              -48.9655,
              -25.5616
            ],
            [
              -48.9654,
              -25.5584
            ],
            [
              -48.968,
              -25.559
            ],
            [
              -48.9698,
              -25.5589
            ],
            [
              -48.9713,
              -25.5574
            ],
            [
              -48.9727,
              -25.5548
            ],
            [
              -48.9716,
              -25.5529
            ],
            [
              -48.972,
              -25.5512
            ],
            [
              -48.9716,
              -25.5501
            ],
            [
              -48.9728,
              -25.5458
            ],
            [
              -48.9725,
              -25.5451
            ],
            [
              -48.97,
              -25.5434
            ],
            [
              -48.9669,
              -25.5422
            ],
            [
              -48.9614,
              -25.5384
            ],
            [
              -48.9625,
              -25.535
            ],
            [
              -48.9616,
              -25.5324
            ],
            [
              -48.9632,
              -25.5303
            ],
            [
              -48.9633,
              -25.5281
            ],
            [
              -48.9647,
              -25.5259
            ],
            [
              -48.9645,
              -25.5229
            ],
            [
              -48.9653,
              -25.5224
            ],
            [
              -48.968,
              -25.5222
            ],
            [
              -48.9702,
              -25.5226
            ],
            [
              -48.9734,
              -25.5259
            ],
            [
              -48.9753,
              -25.5266
            ],
            [
              -48.977,
              -25.5283
            ],
            [
              -48.9801,
              -25.5294
            ],
            [
              -48.9839,
              -25.5296
            ],
            [
              -48.9847,
              -25.5303
            ],
            [
              -48.9854,
              -25.5322
            ],
            [
              -48.9897,
              -25.5337
            ],
            [
              -48.992,
              -25.5358
            ],
            [
              -48.9914,
              -25.5369
            ],
            [
              -48.9919,
              -25.5392
            ],
            [
              -48.9939,
              -25.5412
            ],
            [
              -48.9962,
              -25.5416
            ],
            [
              -48.9986,
              -25.5399
            ],
            [
              -49.0001,
              -25.5394
            ],
            [
              -49.0052,
              -25.5415
            ],
            [
              -49.0081,
              -25.54
            ],
            [
              -49.0095,
              -25.5398
            ],
            [
              -49.0124,
              -25.542
            ],
            [
              -49.0183,
              -25.5433
            ],
            [
              -49.0204,
              -25.5471
            ],
            [
              -49.023,
              -25.548
            ],
            [
              -49.0244,
              -25.5506
            ],
            [
              -49.0263,
              -25.5489
            ],
            [
              -49.0275,
              -25.5485
            ],
            [
              -49.0324,
              -25.5457
            ],
            [
              -49.0334,
              -25.5446
            ],
            [
              -49.0352,
              -25.5449
            ],
            [
              -49.0373,
              -25.5442
            ],
            [
              -49.039,
              -25.5428
            ],
            [
              -49.0432,
              -25.5418
            ],
            [
              -49.0435,
              -25.5431
            ],
            [
              -49.045,
              -25.5459
            ],
            [
              -49.0453,
              -25.547
            ],
            [
              -49.0481,
              -25.5483
            ],
            [
              -49.0495,
              -25.548
            ],
            [
              -49.0526,
              -25.5461
            ],
            [
              -49.0539,
              -25.5449
            ],
            [
              -49.0528,
              -25.543
            ],
            [
              -49.0543,
              -25.5407
            ],
            [
              -49.055,
              -25.5391
            ],
            [
              -49.0572,
              -25.5401
            ],
            [
              -49.0584,
              -25.5391
            ],
            [
              -49.0593,
              -25.5396
            ],
            [
              -49.0607,
              -25.539
            ],
            [
              -49.0632,
              -25.5392
            ],
            [
              -49.0651,
              -25.5385
            ],
            [
              -49.0655,
              -25.5402
            ],
            [
              -49.0665,
              -25.5411
            ],
            [
              -49.0683,
              -25.5408
            ],
            [
              -49.0697,
              -25.5395
            ],
            [
              -49.071,
              -25.5397
            ],
            [
              -49.0721,
              -25.538
            ],
            [
              -49.0763,
              -25.5353
            ],
            [
              -49.0765,
              -25.5343
            ],
            [
              -49.0857,
              -25.5303
            ],
            [
              -49.0848,
              -25.5284
            ],
            [
              -49.0864,
              -25.5283
            ],
            [
              -49.0874,
              -25.5268
            ],
            [
              -49.0919,
              -25.5245
            ],
            [
              -49.0939,
              -25.5223
            ],
            [
              -49.099,
              -25.5196
            ],
            [
              -49.1009,
              -25.5191
            ],
            [
              -49.1031,
              -25.5161
            ],
            [
              -49.1058,
              -25.5156
            ],
            [
              -49.1076,
              -25.5157
            ],
            [
              -49.1094,
              -25.5127
            ],
            [
              -49.1099,
              -25.5111
            ],
            [
              -49.1129,
              -25.5089
            ],
            [
              -49.114,
              -25.5075
            ],
            [
              -49.116,
              -25.5065
            ],
            [
              -49.1166,
              -25.5046
            ],
            [
              -49.1184,
              -25.5043
            ],
            [
              -49.1193,
              -25.5032
            ],
            [
              -49.1209,
              -25.5025
            ],
            [
              -49.1223,
              -25.501
            ],
            [
              -49.1226,
              -25.4996
            ],
            [
              -49.1248,
              -25.4973
            ],
            [
              -49.1262,
              -25.4967
            ],
            [
              -49.1289,
              -25.4971
            ],
            [
              -49.1295,
              -25.4978
            ],
            [
              -49.1316,
              -25.4967
            ],
            [
              -49.1332,
              -25.4942
            ],
            [
              -49.1344,
              -25.4936
            ],
            [
              -49.1337,
              -25.4919
            ],
            [
              -49.1337,
              -25.4901
            ],
            [
              -49.135,
              -25.4872
            ],
            [
              -49.1352,
              -25.485
            ],
            [
              -49.1371,
              -25.4817
            ],
            [
              -49.1364,
              -25.4797
            ],
            [
              -49.138,
              -25.4799
            ],
            [
              -49.1406,
              -25.4762
            ],
            [
              -49.1399,
              -25.4753
            ],
            [
              -49.1403,
              -25.4734
            ],
            [
              -49.1456,
              -25.4727
            ],
            [
              -49.1481,
              -25.4719
            ],
            [
              -49.1494,
              -25.4711
            ],
            [
              -49.1538,
              -25.4694
            ],
            [
              -49.1575,
              -25.4685
            ],
            [
              -49.1587,
              -25.4689
            ],
            [
              -49.1619,
              -25.4664
            ],
            [
              -49.163,
              -25.4668
            ],
            [
              -49.1642,
              -25.4661
            ],
            [
              -49.1665,
              -25.4672
            ],
            [
              -49.169,
              -25.4662
            ],
            [
              -49.1701,
              -25.4663
            ],
            [
              -49.1713,
              -25.4653
            ],
            [
              -49.1756,
              -25.4626
            ],
            [
              -49.1818,
              -25.4667
            ],
            [
              -49.1842,
              -25.4707
            ],
            [
              -49.1852,
              -25.4715
            ],
            [
              -49.1856,
              -25.478
            ],
            [
              -49.1867,
              -25.4789
            ],
            [
              -49.1901,
              -25.4827
            ],
            [
              -49.1898,
              -25.4839
            ],
            [
              -49.1935,
              -25.4877
            ],
            [
              -49.194,
              -25.4899
            ],
            [
              -49.1972,
              -25.4978
            ],
            [
              -49.1988,
              -25.5013
            ],
            [
              -49.1999,
              -25.5026
            ],
            [
              -49.2066,
              -25.5081
            ],
            [
              -49.2069,
              -25.5109
            ],
            [
              -49.2078,
              -25.5142
            ],
            [
              -49.2086,
              -25.5154
            ],
            [
              -49.211,
              -25.5167
            ],
            [
              -49.2154,
              -25.5198
            ],
            [
              -49.2169,
              -25.5212
            ],
            [
              -49.2172,
              -25.5231
            ],
            [
              -49.2185,
              -25.5272
            ],
            [
              -49.2168,
              -25.5284
            ],
            [
              -49.2169,
              -25.53
            ],
            [
              -49.2183,
              -25.5325
            ],
            [
              -49.2202,
              -25.5338
            ],
            [
              -49.2226,
              -25.5323
            ],
            [
              -49.2239,
              -25.5334
            ],
            [
              -49.226,
              -25.5381
            ],
            [
              -49.226,
              -25.5387
            ],
            [
              -49.2235,
              -25.5421
            ],
            [
              -49.2254,
              -25.5432
            ],
            [
              -49.2255,
              -25.5445
            ],
            [
              -49.2245,
              -25.5454
            ],
            [
              -49.2229,
              -25.5479
            ],
            [
              -49.2252,
              -25.551
            ],
            [
              -49.2254,
              -25.552
            ],
            [
              -49.224,
              -25.5553
            ],
            [
              -49.2218,
              -25.5573
            ],
            [
              -49.2217,
              -25.5585
            ],
            [
              -49.2224,
              -25.561
            ],
            [
              -49.2233,
              -25.562
            ],
            [
              -49.2356,
              -25.5635
            ],
            [
              -49.2376,
              -25.5643
            ],
            [
              -49.2422,
              -25.5708
            ],
            [
              -49.2448,
              -25.5742
            ],
            [
              -49.245,
              -25.5765
            ],
            [
              -49.2433,
              -25.58
            ],
            [
              -49.2428,
              -25.5823
            ],
            [
              -49.2443,
              -25.583
            ],
            [
              -49.2451,
              -25.5848
            ],
            [
              -49.2437,
              -25.5848
            ],
            [
              -49.2432,
              -25.5859
            ],
            [
              -49.2445,
              -25.5868
            ],
            [
              -49.2476,
              -25.5869
            ],
            [
              -49.25,
              -25.5875
            ],
            [
              -49.2509,
              -25.5913
            ],
            [
              -49.2499,
              -25.5919
            ],
            [
              -49.2504,
              -25.5931
            ],
            [
              -49.2527,
              -25.5921
            ],
            [
              -49.2528,
              -25.5911
            ],
            [
              -49.2544,
              -25.5907
            ],
            [
              -49.2556,
              -25.5916
            ],
            [
              -49.2539,
              -25.5931
            ],
            [
              -49.2576,
              -25.5932
            ],
            [
              -49.2583,
              -25.594
            ],
            [
              -49.2576,
              -25.597
            ],
            [
              -49.2599,
              -25.5977
            ],
            [
              -49.261,
              -25.599
            ],
            [
              -49.2644,
              -25.6004
            ],
            [
              -49.2681,
              -25.6033
            ],
            [
              -49.2693,
              -25.6035
            ],
            [
              -49.2708,
              -25.6025
            ],
            [
              -49.2714,
              -25.6038
            ],
            [
              -49.2694,
              -25.6064
            ],
            [
              -49.2674,
              -25.6062
            ],
            [
              -49.2669,
              -25.6069
            ],
            [
              -49.2702,
              -25.6083
            ],
            [
              -49.2695,
              -25.6097
            ],
            [
              -49.2705,
              -25.6107
            ],
            [
              -49.271,
              -25.6122
            ],
            [
              -49.2699,
              -25.6114
            ],
            [
              -49.2678,
              -25.6113
            ],
            [
              -49.2657,
              -25.612
            ],
            [
              -49.2657,
              -25.6129
            ],
            [
              -49.2628,
              -25.6139
            ],
            [
              -49.2628,
              -25.6157
            ],
            [
              -49.2603,
              -25.6162
            ],
            [
              -49.2606,
              -25.6187
            ],
            [
              -49.2614,
              -25.6202
            ],
            [
              -49.2605,
              -25.6237
            ],
            [
              -49.2609,
              -25.6251
            ],
            [
              -49.2596,
              -25.6277
            ],
            [
              -49.261,
              -25.6302
            ],
            [
              -49.2604,
              -25.6317
            ],
            [
              -49.2609,
              -25.633
            ],
            [
              -49.2593,
              -25.634
            ],
            [
              -49.2613,
              -25.6353
            ],
            [
              -49.2613,
              -25.6372
            ],
            [
              -49.2603,
              -25.6383
            ],
            [
              -49.2605,
              -25.6403
            ],
            [
              -49.2592,
              -25.6405
            ],
            [
              -49.2585,
              -25.644
            ],
            [
              -49.2588,
              -25.6473
            ],
            [
              -49.2592,
              -25.6486
            ],
            [
              -49.259,
              -25.6517
            ],
            [
              -49.2594,
              -25.6537
            ],
            [
              -49.2586,
              -25.6547
            ],
            [
              -49.2584,
              -25.6568
            ],
            [
              -49.2593,
              -25.6601
            ],
            [
              -49.2595,
              -25.6619
            ],
            [
              -49.2583,
              -25.663
            ],
            [
              -49.2582,
              -25.6641
            ],
            [
              -49.2567,
              -25.6665
            ],
            [
              -49.2578,
              -25.671
            ],
            [
              -49.2565,
              -25.6728
            ],
            [
              -49.2555,
              -25.6755
            ],
            [
              -49.2544,
              -25.6767
            ],
            [
              -49.2554,
              -25.6793
            ],
            [
              -49.2563,
              -25.6801
            ],
            [
              -49.2555,
              -25.6817
            ],
            [
              -49.2555,
              -25.6836
            ],
            [
              -49.2537,
              -25.6861
            ],
            [
              -49.2541,
              -25.6891
            ],
            [
              -49.2521,
              -25.6904
            ],
            [
              -49.2529,
              -25.6931
            ],
            [
              -49.2502,
              -25.6938
            ],
            [
              -49.2494,
              -25.6946
            ],
            [
              -49.2495,
              -25.7039
            ],
            [
              -49.2503,
              -25.7071
            ],
            [
              -49.2491,
              -25.71
            ],
            [
              -49.2477,
              -25.7109
            ],
            [
              -49.2481,
              -25.7136
            ],
            [
              -49.2472,
              -25.7146
            ],
            [
              -49.2466,
              -25.7169
            ],
            [
              -49.2475,
              -25.7181
            ],
            [
              -49.2469,
              -25.7208
            ],
            [
              -49.2472,
              -25.7223
            ],
            [
              -49.2465,
              -25.7241
            ],
            [
              -49.2481,
              -25.7303
            ],
            [
              -49.2474,
              -25.7327
            ],
            [
              -49.2441,
              -25.7352
            ],
            [
              -49.2437,
              -25.7364
            ],
            [
              -49.2407,
              -25.74
            ],
            [
              -49.2407,
              -25.7427
            ],
            [
              -49.2413,
              -25.7445
            ],
            [
              -49.242,
              -25.745
            ],
            [
              -49.2424,
              -25.747
            ],
            [
              -49.2437,
              -25.7479
            ],
            [
              -49.2457,
              -25.7501
            ],
            [
              -49.245,
              -25.7525
            ],
            [
              -49.2455,
              -25.754
            ],
            [
              -49.246,
              -25.7558
            ],
            [
              -49.2456,
              -25.7581
            ],
            [
              -49.247,
              -25.7604
            ],
            [
              -49.2479,
              -25.7627
            ],
            [
              -49.2466,
              -25.7639
            ],
            [
              -49.2468,
              -25.7652
            ],
            [
              -49.2485,
              -25.7664
            ],
            [
              -49.2494,
              -25.7679
            ],
            [
              -49.2501,
              -25.7706
            ],
            [
              -49.2495,
              -25.7719
            ],
            [
              -49.25,
              -25.7743
            ],
            [
              -49.249,
              -25.7798
            ],
            [
              -49.2473,
              -25.7818
            ],
            [
              -49.2441,
              -25.7845
            ],
            [
              -49.2436,
              -25.786
            ],
            [
              -49.2442,
              -25.7877
            ],
            [
              -49.2443,
              -25.7903
            ],
            [
              -49.2428,
              -25.7912
            ],
            [
              -49.2411,
              -25.7939
            ],
            [
              -49.2415,
              -25.7977
            ],
            [
              -49.2563,
              -25.8191
            ],
            [
              -49.255,
              -25.8193
            ],
            [
              -49.2524,
              -25.8182
            ],
            [
              -49.2497,
              -25.8184
            ],
            [
              -49.248,
              -25.8176
            ],
            [
              -49.2457,
              -25.8174
            ],
            [
              -49.2444,
              -25.8185
            ],
            [
              -49.2431,
              -25.8169
            ],
            [
              -49.2412,
              -25.8158
            ],
            [
              -49.2392,
              -25.8167
            ],
            [
              -49.2378,
              -25.8153
            ],
            [
              -49.236,
              -25.8156
            ],
            [
              -49.2349,
              -25.8151
            ],
            [
              -49.2337,
              -25.8156
            ],
            [
              -49.2317,
              -25.8134
            ],
            [
              -49.2283,
              -25.8131
            ],
            [
              -49.228,
              -25.8146
            ],
            [
              -49.2257,
              -25.8156
            ],
            [
              -49.2219,
              -25.8161
            ],
            [
              -49.2194,
              -25.8158
            ],
            [
              -49.2171,
              -25.8183
            ],
            [
              -49.217,
              -25.8197
            ],
            [
              -49.2154,
              -25.8204
            ],
            [
              -49.214,
              -25.822
            ],
            [
              -49.214,
              -25.8233
            ],
            [
              -49.213,
              -25.8243
            ],
            [
              -49.2099,
              -25.8252
            ],
            [
              -49.2078,
              -25.8251
            ]
          ]
        ]
      }
    }
  ]
}
